2015,1,"Sep 3, 2015",,Thu,(22) Arizona,42,,Texas-San Antonio,32,,
2015,1,"Sep 3, 2015",,Thu,Ball State,48,,Virginia Military Institute,36,,
2015,1,"Sep 3, 2015",,Thu,Connecticut,20,,Villanova,15,,
2015,1,"Sep 3, 2015",,Thu,Duke,37,@,Tulane,7,,
2015,1,"Sep 3, 2015",,Thu,Florida International,15,@,Central Florida,14,,
2015,1,"Sep 3, 2015",,Thu,Fresno State,34,,Abilene Christian,13,,
2015,1,"Sep 3, 2015",,Thu,(16) Georgia Tech,69,,Alcorn State,6,,
2015,1,"Sep 3, 2015",,Thu,Hawaii,28,,Colorado,20,,
2015,1,"Sep 3, 2015",,Thu,Nevada,31,,California-Davis,17,,
2015,1,"Sep 3, 2015",,Thu,Ohio,45,@,Idaho,28,,
2015,1,"Sep 3, 2015",,Thu,Oklahoma State,24,@,Central Michigan,13,,
2015,1,"Sep 3, 2015",,Thu,San Jose State,43,,New Hampshire,13,,
2015,1,"Sep 3, 2015",,Thu,South Carolina,17,,North Carolina,13,,
2015,1,"Sep 3, 2015",,Thu,(2) Texas Christian,23,@,Minnesota,17,,
2015,1,"Sep 3, 2015",,Thu,Utah,24,,Michigan,17,,
2015,1,"Sep 3, 2015",,Thu,Utah State,12,,Southern Utah,9,,
2015,1,"Sep 3, 2015",,Thu,Wake Forest,41,,Elon,3,,
2015,1,"Sep 3, 2015",,Thu,Western Kentucky,14,@,Vanderbilt,12,,
2015,1,"Sep 4, 2015",,Fri,(4) Baylor,56,@,Southern Methodist,21,,
2015,1,"Sep 4, 2015",,Fri,(23) Boise State,16,,Washington,13,,
2015,1,"Sep 4, 2015",,Fri,Charlotte,23,@,Georgia State,20,,
2015,1,"Sep 4, 2015",,Fri,Fordham,37,@,Army,35,,
2015,1,"Sep 4, 2015",,Fri,(5) Michigan State,37,@,Western Michigan,24,,
2015,1,"Sep 4, 2015",,Fri,Oregon State,26,,Weber State,7,,
2015,1,"Sep 4, 2015",,Fri,Syracuse,47,,Rhode Island,0,,
2015,1,"Sep 5, 2015",,Sat,Air Force,63,,Morgan State,7,,
2015,1,"Sep 5, 2015",,Sat,(3) Alabama,35,,(20) Wisconsin,17,,AT&T Stadium - Arlington Texas
2015,1,"Sep 5, 2015",,Sat,Appalachian State,49,,Howard,0,,
2015,1,"Sep 5, 2015",,Sat,(18) Arkansas,48,,Texas-El Paso,13,,
2015,1,"Sep 5, 2015",,Sat,(6) Auburn,31,,Louisville,24,,Georgia Dome - Atlanta Georgia
2015,1,"Sep 5, 2015",,Sat,Boston College,24,,Maine,3,,
2015,1,"Sep 5, 2015",,Sat,Brigham Young,33,@,Nebraska,28,,
2015,1,"Sep 5, 2015",,Sat,Buffalo,51,,Albany,14,,
2015,1,"Sep 5, 2015",,Sat,California,73,,Grambling State,14,,
2015,1,"Sep 5, 2015",,Sat,Cincinnati,52,,Alabama A&M,10,,
2015,1,"Sep 5, 2015",,Sat,(12) Clemson,49,,Wofford,10,,
2015,1,"Sep 5, 2015",,Sat,Colorado State,65,,Savannah State,13,,
2015,1,"Sep 5, 2015",,Sat,East Carolina,28,,Towson,20,,
2015,1,"Sep 5, 2015",,Sat,Florida,61,,New Mexico State,13,,
2015,1,"Sep 5, 2015",,Sat,(10) Florida State,59,,Texas State,16,,
2015,1,"Sep 5, 2015",,Sat,(9) Georgia,51,,Louisiana-Monroe,14,,
2015,1,"Sep 5, 2015",,Sat,Houston,52,,Tennessee Tech,24,,
2015,1,"Sep 5, 2015",,Sat,Illinois,52,,Kent State,3,,
2015,1,"Sep 5, 2015",,Sat,Indiana,48,,Southern Illinois,47,,
2015,1,"Sep 5, 2015",,Sat,Iowa,31,,Illinois State,14,,
2015,1,"Sep 5, 2015",,Sat,Iowa State,31,,Northern Iowa,7,,
2015,1,"Sep 5, 2015",,Sat,Kansas State,34,,South Dakota,0,,
2015,1,"Sep 5, 2015",,Sat,Kentucky,40,,Louisiana,33,,
2015,1,"Sep 5, 2015",,Sat,Louisiana Tech,62,,Southern,15,,
2015,1,"Sep 5, 2015",,Sat,Maryland,50,,Richmond,21,,
2015,1,"Sep 5, 2015",7:30 PM,Sat,McNeese State,,@,(14) Louisiana State,,,Cancelled due to weather
2015,1,"Sep 5, 2015",,Sat,Memphis,63,,Missouri State,7,,
2015,1,"Sep 5, 2015",,Sat,Miami (FL),45,,Bethune-Cookman,0,,
2015,1,"Sep 5, 2015",,Sat,Miami (OH),26,,Presbyterian,7,,
2015,1,"Sep 5, 2015",,Sat,Middle Tennessee State,70,,Jackson State,14,,
2015,1,"Sep 5, 2015",,Sat,(17) Mississippi,76,,Tennessee-Martin,3,,
2015,1,"Sep 5, 2015",,Sat,Mississippi State,34,@,Southern Mississippi,16,,
2015,1,"Sep 5, 2015",,Sat,(24) Missouri,34,,Southeast Missouri State,3,,
2015,1,"Sep 5, 2015",,Sat,Navy,48,,Colgate,10,,
2015,1,"Sep 5, 2015",,Sat,New Mexico,66,,Mississippi Valley State,0,,
2015,1,"Sep 5, 2015",,Sat,North Carolina State,49,,Troy,21,,
2015,1,"Sep 5, 2015",,Sat,North Dakota,24,@,Wyoming,13,,
2015,1,"Sep 5, 2015",,Sat,Northern Illinois,38,,Nevada-Las Vegas,30,,
2015,1,"Sep 5, 2015",,Sat,Northwestern,16,,(21) Stanford,6,,
2015,1,"Sep 5, 2015",,Sat,(11) Notre Dame,38,,Texas,3,,
2015,1,"Sep 5, 2015",,Sat,(19) Oklahoma,41,,Akron,3,,
2015,1,"Sep 5, 2015",,Sat,Old Dominion,38,@,Eastern Michigan,34,,
2015,1,"Sep 5, 2015",,Sat,(7) Oregon,61,,Eastern Washington,42,,
2015,1,"Sep 5, 2015",,Sat,Pittsburgh,45,,Youngstown State,37,,
2015,1,"Sep 5, 2015",,Sat,Portland State,24,@,Washington State,17,,
2015,1,"Sep 5, 2015",,Sat,Rice,56,,Wagner,16,,
2015,1,"Sep 5, 2015",,Sat,Rutgers,63,,Norfolk State,13,,
2015,1,"Sep 5, 2015",,Sat,San Diego State,37,,San Diego,3,,
2015,1,"Sep 5, 2015",,Sat,South Alabama,33,,Gardner-Webb,23,,
2015,1,"Sep 5, 2015",,Sat,South Dakota State,41,@,Kansas,38,,
2015,1,"Sep 5, 2015",,Sat,South Florida,51,,Florida A&M,3,,
2015,1,"Sep 5, 2015",,Sat,(8) Southern California,55,,Arkansas State,6,,
2015,1,"Sep 5, 2015",,Sat,Temple,27,,Penn State,10,,
2015,1,"Sep 5, 2015",,Sat,(25) Tennessee,59,,Bowling Green State,30,,LP Field - Nashville Tennessee
2015,1,"Sep 5, 2015",,Sat,Texas A&M,38,,(15) Arizona State,17,,NRG Stadium - Houston Texas
2015,1,"Sep 5, 2015",,Sat,Texas Tech,59,,Sam Houston State,45,,
2015,1,"Sep 5, 2015",,Sat,Tulsa,47,,Florida Atlantic,44,,
2015,1,"Sep 5, 2015",,Sat,(13) UCLA,34,,Virginia,16,,
2015,1,"Sep 5, 2015",,Sat,West Virginia,44,,Georgia Southern,0,,
2015,1,"Sep 6, 2015",,Sun,Marshall,41,,Purdue,31,,
2015,1,"Sep 7, 2015",,Mon,(1) Ohio State,42,@,Virginia Tech,24,,
2015,2,"Sep 10, 2015",,Thu,Western Kentucky,41,,Louisiana Tech,38,,
2015,2,"Sep 11, 2015",,Fri,Miami (FL),44,@,Florida Atlantic,20,,
2015,2,"Sep 11, 2015",,Fri,(24) Utah,24,,Utah State,14,,
2015,2,"Sep 12, 2015",,Sat,Air Force,37,,San Jose State,16,,
2015,2,"Sep 12, 2015",,Sat,(2) Alabama,37,,Middle Tennessee State,10,,
2015,2,"Sep 12, 2015",,Sat,(22) Arizona,44,@,Nevada,20,,
2015,2,"Sep 12, 2015",,Sat,Arizona State,35,,Cal Poly,21,,
2015,2,"Sep 12, 2015",,Sat,(6) Auburn,27,,Jacksonville State,20,,
2015,2,"Sep 12, 2015",,Sat,(4) Baylor,66,,Lamar,31,,
2015,2,"Sep 12, 2015",,Sat,Boston College,76,,Howard,0,,
2015,2,"Sep 12, 2015",,Sat,Bowling Green State,48,@,Maryland,27,,
2015,2,"Sep 12, 2015",,Sat,Brigham Young,35,,(20) Boise State,24,,
2015,2,"Sep 12, 2015",,Sat,California,35,,San Diego State,7,,
2015,2,"Sep 12, 2015",,Sat,Central Michigan,31,,Monmouth,10,,
2015,2,"Sep 12, 2015",,Sat,Charlotte,34,,Presbyterian,10,,
2015,2,"Sep 12, 2015",,Sat,(12) Clemson,41,,Appalachian State,10,,
2015,2,"Sep 12, 2015",,Sat,Colorado,48,,Massachusetts,14,,
2015,2,"Sep 12, 2015",,Sat,Connecticut,22,,Army,17,,
2015,2,"Sep 12, 2015",,Sat,Duke,55,,North Carolina Central,0,,
2015,2,"Sep 12, 2015",,Sat,Eastern Michigan,48,@,Wyoming,29,,
2015,2,"Sep 12, 2015",,Sat,Florida,31,,East Carolina,24,,
2015,2,"Sep 12, 2015",,Sat,(11) Florida State,34,,South Florida,14,,
2015,2,"Sep 12, 2015",,Sat,(10) Georgia,31,@,Vanderbilt,14,,
2015,2,"Sep 12, 2015",,Sat,Georgia Southern,43,,Western Michigan,17,,
2015,2,"Sep 12, 2015",,Sat,Georgia State,34,@,New Mexico State,32,,
2015,2,"Sep 12, 2015",,Sat,(15) Georgia Tech,65,,Tulane,10,,
2015,2,"Sep 12, 2015",,Sat,Houston,34,@,Louisville,31,,
2015,2,"Sep 12, 2015",,Sat,Illinois,44,,Western Illinois,0,,
2015,2,"Sep 12, 2015",,Sat,Indiana,36,,Florida International,22,,
2015,2,"Sep 12, 2015",,Sat,Iowa,31,@,Iowa State,17,,
2015,2,"Sep 12, 2015",,Sat,Kansas State,30,@,Texas-San Antonio,3,,
2015,2,"Sep 12, 2015",,Sat,Kent State,45,,Delaware State,13,,
2015,2,"Sep 12, 2015",,Sat,Kentucky,26,@,South Carolina,22,,
2015,2,"Sep 12, 2015",,Sat,Louisiana,44,,Northwestern State,17,,
2015,2,"Sep 12, 2015",,Sat,(14) Louisiana State,21,@,(25) Mississippi State,19,,
2015,2,"Sep 12, 2015",,Sat,Louisiana-Monroe,47,,Nicholls State,0,,
2015,2,"Sep 12, 2015",,Sat,Memphis,55,@,Kansas,23,,
2015,2,"Sep 12, 2015",,Sat,Michigan,35,,Oregon State,7,,
2015,2,"Sep 12, 2015",,Sat,(5) Michigan State,31,,(7) Oregon,28,,
2015,2,"Sep 12, 2015",,Sat,Minnesota,23,@,Colorado State,20,,
2015,2,"Sep 12, 2015",,Sat,(17) Mississippi,73,,Fresno State,21,,
2015,2,"Sep 12, 2015",,Sat,(21) Missouri,27,@,Arkansas State,20,,
2015,2,"Sep 12, 2015",,Sat,Nebraska,48,,South Alabama,9,,
2015,2,"Sep 12, 2015",,Sat,North Carolina,53,,North Carolina A&T,14,,
2015,2,"Sep 12, 2015",,Sat,North Carolina State,35,,Eastern Kentucky,0,,
2015,2,"Sep 12, 2015",,Sat,Northern Illinois,57,,Murray State,26,,
2015,2,"Sep 12, 2015",,Sat,Northwestern,41,,Eastern Illinois,0,,
2015,2,"Sep 12, 2015",,Sat,(9) Notre Dame,34,@,Virginia,27,,
2015,2,"Sep 12, 2015",,Sat,Ohio,21,,Marshall,10,,
2015,2,"Sep 12, 2015",,Sat,(1) Ohio State,38,,Hawaii,0,,
2015,2,"Sep 12, 2015",,Sat,(19) Oklahoma,31,@,(23) Tennessee,24,,
2015,2,"Sep 12, 2015",,Sat,Oklahoma State,32,,Central Arkansas,8,,
2015,2,"Sep 12, 2015",,Sat,Old Dominion,24,,Norfolk State,10,,
2015,2,"Sep 12, 2015",,Sat,Penn State,27,,Buffalo,14,,
2015,2,"Sep 12, 2015",,Sat,Pittsburgh,24,@,Akron,7,,
2015,2,"Sep 12, 2015",,Sat,Purdue,38,,Indiana State,14,,
2015,2,"Sep 12, 2015",,Sat,(8) Southern California,59,,Idaho,9,,
2015,2,"Sep 12, 2015",,Sat,Southern Methodist,31,,North Texas,13,,
2015,2,"Sep 12, 2015",,Sat,Southern Mississippi,52,,Austin Peay,6,,
2015,2,"Sep 12, 2015",,Sat,Stanford,31,,Central Florida,7,,
2015,2,"Sep 12, 2015",,Sat,Syracuse,30,,Wake Forest,17,,
2015,2,"Sep 12, 2015",,Sat,Temple,34,@,Cincinnati,26,,
2015,2,"Sep 12, 2015",,Sat,Texas,42,,Rice,28,,
2015,2,"Sep 12, 2015",,Sat,(16) Texas A&M,56,,Ball State,23,,
2015,2,"Sep 12, 2015",,Sat,(3) Texas Christian,70,,Stephen F. Austin,7,,
2015,2,"Sep 12, 2015",,Sat,Texas State,63,,Prairie View A&M,24,,
2015,2,"Sep 12, 2015",,Sat,Texas Tech,69,,Texas-El Paso,20,,
2015,2,"Sep 12, 2015",,Sat,Toledo,16,,(18) Arkansas,12,,War Memorial Stadium - Little Rock Arkansas
2015,2,"Sep 12, 2015",,Sat,Troy,44,,Charleston Southern,16,,
2015,2,"Sep 12, 2015",,Sat,Tulsa,40,@,New Mexico,21,,
2015,2,"Sep 12, 2015",,Sat,(13) UCLA,37,@,Nevada-Las Vegas,3,,
2015,2,"Sep 12, 2015",,Sat,Virginia Tech,42,,Furman,3,,
2015,2,"Sep 12, 2015",,Sat,Washington,49,,Sacramento State,0,,
2015,2,"Sep 12, 2015",,Sat,Washington State,37,@,Rutgers,34,,
2015,2,"Sep 12, 2015",,Sat,West Virginia,41,,Liberty,17,,
2015,2,"Sep 12, 2015",,Sat,Wisconsin,58,,Miami (OH),0,,
2015,3,"Sep 17, 2015",,Thu,(11) Clemson,20,@,Louisville,17,,
2015,3,"Sep 18, 2015",,Fri,Arizona State,34,,New Mexico,10,,
2015,3,"Sep 18, 2015",,Fri,Boise State,52,,Idaho State,0,,
2015,3,"Sep 18, 2015",,Fri,(9) Florida State,14,@,Boston College,0,,
2015,3,"Sep 19, 2015",,Sat,Akron,52,,Savannah State,9,,
2015,3,"Sep 19, 2015",,Sat,(20) Arizona,77,,Northern Arizona,13,,
2015,3,"Sep 19, 2015",,Sat,Arkansas State,70,,Missouri State,7,,
2015,3,"Sep 19, 2015",,Sat,Ball State,28,@,Eastern Michigan,17,,
2015,3,"Sep 19, 2015",,Sat,Buffalo,33,@,Florida Atlantic,15,,
2015,3,"Sep 19, 2015",,Sat,California,45,@,Texas,44,,
2015,3,"Sep 19, 2015",,Sat,Cincinnati,37,@,Miami (OH),33,,
2015,3,"Sep 19, 2015",,Sat,Colorado,27,,Colorado State,24,,Sports Authority Field at Mile High - Denver Colorado
2015,3,"Sep 19, 2015",,Sat,Florida,14,@,Kentucky,9,,
2015,3,"Sep 19, 2015",,Sat,Florida International,39,,North Carolina Central,14,,
2015,3,"Sep 19, 2015",,Sat,Furman,16,@,Central Florida,15,,
2015,3,"Sep 19, 2015",,Sat,(7) Georgia,52,,South Carolina,20,,
2015,3,"Sep 19, 2015",,Sat,Georgia Southern,48,,Citadel,13,,
2015,3,"Sep 19, 2015",,Sat,Hawaii,47,,California-Davis,27,,
2015,3,"Sep 19, 2015",,Sat,Idaho,41,,Wofford,38,,
2015,3,"Sep 19, 2015",,Sat,Indiana,38,,Western Kentucky,35,,
2015,3,"Sep 19, 2015",,Sat,Iowa,27,,Pittsburgh,24,,
2015,3,"Sep 19, 2015",,Sat,Kansas State,39,,Louisiana Tech,33,,
2015,3,"Sep 19, 2015",,Sat,(13) Louisiana State,45,,(18) Auburn,21,,
2015,3,"Sep 19, 2015",,Sat,Marshall,45,,Norfolk State,7,,
2015,3,"Sep 19, 2015",,Sat,Maryland,35,,South Florida,17,,
2015,3,"Sep 19, 2015",,Sat,Memphis,44,@,Bowling Green State,41,,
2015,3,"Sep 19, 2015",,Sat,Miami (FL),36,,Nebraska,33,,
2015,3,"Sep 19, 2015",,Sat,Michigan,28,,Nevada-Las Vegas,7,,
2015,3,"Sep 19, 2015",,Sat,(4) Michigan State,35,,Air Force,21,,
2015,3,"Sep 19, 2015",,Sat,Middle Tennessee State,73,,Charlotte,14,,
2015,3,"Sep 19, 2015",,Sat,Minnesota,10,,Kent State,7,,
2015,3,"Sep 19, 2015",,Sat,(15) Mississippi,43,@,(2) Alabama,37,,
2015,3,"Sep 19, 2015",,Sat,Mississippi State,62,,Northwestern State,13,,
2015,3,"Sep 19, 2015",,Sat,(22) Missouri,9,,Connecticut,6,,
2015,3,"Sep 19, 2015",,Sat,Navy,45,,East Carolina,21,,
2015,3,"Sep 19, 2015",,Sat,North Carolina,48,,Illinois,14,,
2015,3,"Sep 19, 2015",,Sat,North Carolina State,38,@,Old Dominion,14,,
2015,3,"Sep 19, 2015",,Sat,(23) Northwestern,19,@,Duke,10,,
2015,3,"Sep 19, 2015",,Sat,(8) Notre Dame,30,,(14) Georgia Tech,22,,
2015,3,"Sep 19, 2015",,Sat,Ohio,35,,Southeastern Louisiana,14,,
2015,3,"Sep 19, 2015",,Sat,(1) Ohio State,20,,Northern Illinois,13,,
2015,3,"Sep 19, 2015",,Sat,(16) Oklahoma,52,,Tulsa,38,,
2015,3,"Sep 19, 2015",,Sat,(25) Oklahoma State,69,,Texas-San Antonio,14,,
2015,3,"Sep 19, 2015",,Sat,(12) Oregon,61,,Georgia State,28,,
2015,3,"Sep 19, 2015",,Sat,Oregon State,35,,San Jose State,21,,
2015,3,"Sep 19, 2015",,Sat,Penn State,28,,Rutgers,3,,
2015,3,"Sep 19, 2015",,Sat,Rice,38,@,North Texas,24,,
2015,3,"Sep 19, 2015",,Sat,South Alabama,34,@,San Diego State,27,,
2015,3,"Sep 19, 2015",,Sat,Southern Mississippi,56,@,Texas State,50,,
2015,3,"Sep 19, 2015",,Sat,Stanford,41,@,(6) Southern California,31,,
2015,3,"Sep 19, 2015",,Sat,Syracuse,30,,Central Michigan,27,,
2015,3,"Sep 19, 2015",,Sat,Temple,25,@,Massachusetts,23,,
2015,3,"Sep 19, 2015",,Sat,Tennessee,55,,Western Carolina,10,,
2015,3,"Sep 19, 2015",,Sat,(17) Texas A&M,44,,Nevada,27,,
2015,3,"Sep 19, 2015",,Sat,(3) Texas Christian,56,,Southern Methodist,37,,
2015,3,"Sep 19, 2015",,Sat,Texas Tech,35,@,Arkansas,24,,
2015,3,"Sep 19, 2015",,Sat,Texas-El Paso,50,@,New Mexico State,47,,
2015,3,"Sep 19, 2015",,Sat,Toledo,30,,Iowa State,23,,
2015,3,"Sep 19, 2015",,Sat,Tulane,38,,Maine,7,,
2015,3,"Sep 19, 2015",,Sat,(10) UCLA,24,,(19) Brigham Young,23,,
2015,3,"Sep 19, 2015",,Sat,(21) Utah,45,@,Fresno State,24,,
2015,3,"Sep 19, 2015",,Sat,Vanderbilt,47,,Austin Peay,7,,
2015,3,"Sep 19, 2015",,Sat,Virginia,35,,William & Mary,29,,
2015,3,"Sep 19, 2015",,Sat,Virginia Tech,51,@,Purdue,24,,
2015,3,"Sep 19, 2015",,Sat,Wake Forest,17,@,Army,14,,
2015,3,"Sep 19, 2015",,Sat,Washington,31,,Utah State,17,,
2015,3,"Sep 19, 2015",,Sat,Washington State,31,,Wyoming,14,,
2015,3,"Sep 19, 2015",,Sat,Western Michigan,52,,Murray State,20,,
2015,3,"Sep 19, 2015",,Sat,(24) Wisconsin,28,,Troy,3,,
2015,4,"Sep 24, 2015",,Thu,Memphis,53,,Cincinnati,46,,
2015,4,"Sep 25, 2015",,Fri,Boise State,56,@,Virginia,14,,
2015,4,"Sep 25, 2015",,Fri,(21) Stanford,42,@,Oregon State,24,,
2015,4,"Sep 26, 2015",,Sat,Akron,35,@,Louisiana,14,,
2015,4,"Sep 26, 2015",,Sat,(12) Alabama,34,,Louisiana-Monroe,0,,
2015,4,"Sep 26, 2015",,Sat,Appalachian State,49,@,Old Dominion,0,,
2015,4,"Sep 26, 2015",,Sat,Army,58,@,Eastern Michigan,36,,
2015,4,"Sep 26, 2015",,Sat,(5) Baylor,70,,Rice,17,,
2015,4,"Sep 26, 2015",,Sat,Boston College,17,,Northern Illinois,14,,
2015,4,"Sep 26, 2015",,Sat,Bowling Green State,35,@,Purdue,28,,
2015,4,"Sep 26, 2015",,Sat,California,30,@,Washington,24,,
2015,4,"Sep 26, 2015",,Sat,Colorado,48,,Nicholls State,0,,
2015,4,"Sep 26, 2015",,Sat,Colorado State,33,@,Texas-San Antonio,31,,
2015,4,"Sep 26, 2015",,Sat,Duke,34,,(20) Georgia Tech,20,,
2015,4,"Sep 26, 2015",,Sat,East Carolina,35,,Virginia Tech,28,,
2015,4,"Sep 26, 2015",,Sat,Florida,28,,Tennessee,27,,
2015,4,"Sep 26, 2015",,Sat,Florida Atlantic,17,@,Charlotte,7,,
2015,4,"Sep 26, 2015",,Sat,(7) Georgia,48,,Southern,6,,
2015,4,"Sep 26, 2015",,Sat,Georgia Southern,44,@,Idaho,20,,
2015,4,"Sep 26, 2015",,Sat,Houston,59,,Texas State,14,,
2015,4,"Sep 26, 2015",,Sat,Illinois,27,,Middle Tennessee State,25,,
2015,4,"Sep 26, 2015",,Sat,Indiana,31,@,Wake Forest,24,,
2015,4,"Sep 26, 2015",,Sat,Iowa,62,,North Texas,16,,
2015,4,"Sep 26, 2015",,Sat,James Madison,48,@,Southern Methodist,45,,
2015,4,"Sep 26, 2015",,Sat,Kentucky,21,,(25) Missouri,13,,
2015,4,"Sep 26, 2015",,Sat,(8) Louisiana State,34,@,Syracuse,24,,
2015,4,"Sep 26, 2015",,Sat,Louisiana Tech,27,,Florida International,17,,
2015,4,"Sep 26, 2015",,Sat,Louisville,45,,Samford,3,,
2015,4,"Sep 26, 2015",,Sat,Marshall,36,@,Kent State,29,,
2015,4,"Sep 26, 2015",,Sat,Michigan,31,,(22) Brigham Young,0,,
2015,4,"Sep 26, 2015",,Sat,(2) Michigan State,30,,Central Michigan,10,,
2015,4,"Sep 26, 2015",,Sat,Minnesota,27,,Ohio,24,,
2015,4,"Sep 26, 2015",,Sat,(3) Mississippi,27,,Vanderbilt,16,,
2015,4,"Sep 26, 2015",,Sat,Mississippi State,17,@,Auburn,9,,
2015,4,"Sep 26, 2015",,Sat,Navy,28,@,Connecticut,18,,
2015,4,"Sep 26, 2015",,Sat,Nebraska,36,,Southern Mississippi,28,,
2015,4,"Sep 26, 2015",,Sat,Nevada,24,@,Buffalo,21,,
2015,4,"Sep 26, 2015",,Sat,Nevada-Las Vegas,80,,Idaho State,8,,
2015,4,"Sep 26, 2015",,Sat,New Mexico,38,@,Wyoming,28,,
2015,4,"Sep 26, 2015",,Sat,North Carolina,41,,Delaware,14,,
2015,4,"Sep 26, 2015",,Sat,North Carolina State,63,@,South Alabama,13,,
2015,4,"Sep 26, 2015",,Sat,(17) Northwestern,24,,Ball State,19,,
2015,4,"Sep 26, 2015",,Sat,(6) Notre Dame,62,,Massachusetts,27,,
2015,4,"Sep 26, 2015",,Sat,(1) Ohio State,38,,Western Michigan,12,,
2015,4,"Sep 26, 2015",,Sat,(24) Oklahoma State,30,@,Texas,27,,
2015,4,"Sep 26, 2015",,Sat,Penn State,37,,San Diego State,21,,
2015,4,"Sep 26, 2015",,Sat,Rutgers,27,,Kansas,14,,
2015,4,"Sep 26, 2015",,Sat,San Jose State,49,,Fresno State,23,,
2015,4,"Sep 26, 2015",,Sat,South Carolina,31,,Central Florida,14,,
2015,4,"Sep 26, 2015",,Sat,(19) Southern California,42,@,Arizona State,14,,
2015,4,"Sep 26, 2015",,Sat,(14) Texas A&M,28,,Arkansas,21,,AT&T Stadium - Arlington Texas
2015,4,"Sep 26, 2015",,Sat,(3) Texas Christian,55,@,Texas Tech,52,,
2015,4,"Sep 26, 2015",,Sat,Texas-El Paso,27,,Incarnate Word,17,,
2015,4,"Sep 26, 2015",,Sat,Toledo,37,,Arkansas State,7,,
2015,4,"Sep 26, 2015",,Sat,(9) UCLA,56,@,(16) Arizona,30,,
2015,4,"Sep 26, 2015",,Sat,(18) Utah,62,@,(13) Oregon,20,,
2015,4,"Sep 26, 2015",,Sat,West Virginia,45,,Maryland,6,,
2015,4,"Sep 26, 2015",,Sat,Western Kentucky,56,,Miami (OH),14,,
2015,4,"Sep 26, 2015",,Sat,(22) Wisconsin,28,,Hawaii,0,,
2015,5,"Oct 1, 2015",,Thu,Cincinnati,34,,Miami (FL),23,,
2015,5,"Oct 2, 2015",,Fri,Brigham Young,30,,Connecticut,13,,
2015,5,"Oct 2, 2015",,Fri,Memphis,24,@,South Florida,17,,
2015,5,"Oct 2, 2015",,Fri,Temple,37,@,Charlotte,3,,
2015,5,"Oct 3, 2015",,Sat,(13) Alabama,38,@,(8) Georgia,10,,
2015,5,"Oct 3, 2015",,Sat,Appalachian State,31,,Wyoming,13,,
2015,5,"Oct 3, 2015",,Sat,Arizona State,38,@,(7) UCLA,23,,
2015,5,"Oct 3, 2015",,Sat,Arkansas,24,@,Tennessee,20,,
2015,5,"Oct 3, 2015",,Sat,Arkansas State,49,,Idaho,35,,
2015,5,"Oct 3, 2015",,Sat,Auburn,35,,San Jose State,21,,
2015,5,"Oct 3, 2015",,Sat,(5) Baylor,63,,Texas Tech,35,,AT&T Stadium - Arlington Texas
2015,5,"Oct 3, 2015",,Sat,Boise State,55,,Hawaii,0,,
2015,5,"Oct 3, 2015",,Sat,Bowling Green State,28,@,Buffalo,22,,
2015,5,"Oct 3, 2015",,Sat,(24) California,34,,Washington State,28,,
2015,5,"Oct 3, 2015",,Sat,Central Michigan,29,,Northern Illinois,19,,
2015,5,"Oct 3, 2015",,Sat,(12) Clemson,24,,(6) Notre Dame,22,,
2015,5,"Oct 3, 2015",,Sat,Duke,9,,Boston College,7,,
2015,5,"Oct 3, 2015",,Sat,East Carolina,49,@,Southern Methodist,23,,
2015,5,"Oct 3, 2015",,Sat,(25) Florida,38,,(3) Mississippi,10,,
2015,5,"Oct 3, 2015",,Sat,(11) Florida State,24,@,Wake Forest,16,,
2015,5,"Oct 3, 2015",,Sat,Georgia Southern,51,@,Louisiana-Monroe,31,,
2015,5,"Oct 3, 2015",,Sat,Houston,38,@,Tulsa,24,,
2015,5,"Oct 3, 2015",,Sat,Illinois,14,,Nebraska,13,,
2015,5,"Oct 3, 2015",,Sat,Iowa,10,@,(19) Wisconsin,6,,
2015,5,"Oct 3, 2015",,Sat,Iowa State,38,,Kansas,13,,
2015,5,"Oct 3, 2015",,Sat,Kent State,20,,Miami (OH),14,,
2015,5,"Oct 3, 2015",,Sat,Kentucky,34,,Eastern Kentucky,27,,
2015,5,"Oct 3, 2015",,Sat,Liberty,41,@,Georgia State,33,,
2015,5,"Oct 3, 2015",,Sat,(9) Louisiana State,44,,Eastern Michigan,22,,
2015,5,"Oct 3, 2015",,Sat,Louisiana Tech,43,,Louisiana,14,,
2015,5,"Oct 3, 2015",,Sat,Louisville,20,@,North Carolina State,13,,
2015,5,"Oct 3, 2015",,Sat,Marshall,27,,Old Dominion,7,,
2015,5,"Oct 3, 2015",,Sat,Massachusetts,24,,Florida International,14,,
2015,5,"Oct 3, 2015",,Sat,(22) Michigan,28,@,Maryland,0,,
2015,5,"Oct 3, 2015",,Sat,(2) Michigan State,24,,Purdue,21,,
2015,5,"Oct 3, 2015",,Sat,Missouri,24,,South Carolina,10,,
2015,5,"Oct 3, 2015",,Sat,Navy,33,,Air Force,11,,
2015,5,"Oct 3, 2015",,Sat,Nevada-Las Vegas,23,@,Nevada,17,,
2015,5,"Oct 3, 2015",,Sat,New Mexico,38,,New Mexico State,29,,
2015,5,"Oct 3, 2015",,Sat,North Carolina,38,@,Georgia Tech,31,,
2015,5,"Oct 3, 2015",,Sat,(16) Northwestern,27,,Minnesota,0,,
2015,5,"Oct 3, 2015",,Sat,Ohio,14,@,Akron,12,,
2015,5,"Oct 3, 2015",,Sat,(1) Ohio State,34,@,Indiana,27,,
2015,5,"Oct 3, 2015",,Sat,(15) Oklahoma,44,,(23) West Virginia,24,,
2015,5,"Oct 3, 2015",,Sat,(20) Oklahoma State,36,,Kansas State,34,,
2015,5,"Oct 3, 2015",,Sat,Oregon,41,@,Colorado,24,,
2015,5,"Oct 3, 2015",,Sat,Penn State,20,,Army,14,,
2015,5,"Oct 3, 2015",,Sat,Pittsburgh,17,@,Virginia Tech,13,,
2015,5,"Oct 3, 2015",,Sat,San Diego State,21,,Fresno State,7,,
2015,5,"Oct 3, 2015",,Sat,South Alabama,24,@,Troy,18,,
2015,5,"Oct 3, 2015",,Sat,Southern Mississippi,49,,North Texas,14,,
2015,5,"Oct 3, 2015",,Sat,(18) Stanford,55,,Arizona,17,,
2015,5,"Oct 3, 2015",,Sat,(14) Texas A&M,30,,(21) Mississippi State,17,,
2015,5,"Oct 3, 2015",,Sat,(4) Texas Christian,50,,Texas,7,,
2015,5,"Oct 3, 2015",,Sat,Texas-San Antonio,25,@,Texas-El Paso,6,,
2015,5,"Oct 3, 2015",,Sat,Toledo,24,@,Ball State,10,,
2015,5,"Oct 3, 2015",,Sat,Tulane,45,,Central Florida,31,,
2015,5,"Oct 3, 2015",,Sat,Utah State,33,,Colorado State,18,,
2015,5,"Oct 3, 2015",,Sat,Vanderbilt,17,@,Middle Tennessee State,13,,
2015,5,"Oct 3, 2015",,Sat,Western Kentucky,49,@,Rice,10,,
2015,6,"Oct 8, 2015",,Thu,Houston,49,,Southern Methodist,28,,
2015,6,"Oct 8, 2015",,Thu,Washington,17,@,(17) Southern California,12,,
2015,6,"Oct 9, 2015",,Fri,Marshall,31,,Southern Mississippi,10,,
2015,6,"Oct 9, 2015",,Fri,Virginia Tech,28,,North Carolina State,13,,
2015,6,"Oct 10, 2015",,Sat,Air Force,31,,Wyoming,17,,
2015,6,"Oct 10, 2015",,Sat,Akron,47,@,Eastern Michigan,21,,
2015,6,"Oct 10, 2015",,Sat,(8) Alabama,27,,Arkansas,14,,
2015,6,"Oct 10, 2015",,Sat,Appalachian State,37,@,Georgia State,3,,
2015,6,"Oct 10, 2015",,Sat,Arizona,44,,Oregon State,7,,
2015,6,"Oct 10, 2015",,Sat,Arizona State,48,,Colorado,23,,
2015,6,"Oct 10, 2015",,Sat,(3) Baylor,66,@,Kansas,7,,
2015,6,"Oct 10, 2015",,Sat,(25) Boise State,41,@,Colorado State,10,,
2015,6,"Oct 10, 2015",,Sat,Bowling Green State,62,,Massachusetts,38,,
2015,6,"Oct 10, 2015",,Sat,Brigham Young,45,,East Carolina,38,,
2015,6,"Oct 10, 2015",,Sat,(6) Clemson,43,,Georgia Tech,24,,
2015,6,"Oct 10, 2015",,Sat,Connecticut,40,@,Central Florida,13,,
2015,6,"Oct 10, 2015",,Sat,Duke,44,@,Army,3,,
2015,6,"Oct 10, 2015",,Sat,(11) Florida,21,@,Missouri,3,,
2015,6,"Oct 10, 2015",,Sat,Florida International,52,,Texas-El Paso,12,,
2015,6,"Oct 10, 2015",,Sat,(12) Florida State,29,,Miami (FL),24,,
2015,6,"Oct 10, 2015",,Sat,(22) Iowa,29,,Illinois,20,,
2015,6,"Oct 10, 2015",,Sat,Louisiana,49,,Texas State,27,,
2015,6,"Oct 10, 2015",,Sat,(7) Louisiana State,45,@,South Carolina,24,,"At Baton Rouge, LA due to flooding"
2015,6,"Oct 10, 2015",,Sat,Louisiana Tech,34,@,Texas-San Antonio,31,,
2015,6,"Oct 10, 2015",,Sat,(18) Michigan,38,,(13) Northwestern,0,,
2015,6,"Oct 10, 2015",,Sat,(4) Michigan State,31,@,Rutgers,24,,
2015,6,"Oct 10, 2015",,Sat,Minnesota,41,@,Purdue,13,,
2015,6,"Oct 10, 2015",,Sat,(14) Mississippi,52,,New Mexico State,3,,
2015,6,"Oct 10, 2015",,Sat,Mississippi State,45,,Troy,17,,
2015,6,"Oct 10, 2015",,Sat,Nevada,35,,New Mexico,17,,
2015,6,"Oct 10, 2015",,Sat,Northern Illinois,59,,Ball State,41,,
2015,6,"Oct 10, 2015",,Sat,(15) Notre Dame,41,,Navy,24,,
2015,6,"Oct 10, 2015",,Sat,Ohio,34,,Miami (OH),3,,
2015,6,"Oct 10, 2015",,Sat,(1) Ohio State,49,,Maryland,28,,
2015,6,"Oct 10, 2015",,Sat,(21) Oklahoma State,33,@,West Virginia,26,,
2015,6,"Oct 10, 2015",,Sat,Penn State,29,,Indiana,7,,
2015,6,"Oct 10, 2015",,Sat,Pittsburgh,26,,Virginia,19,,
2015,6,"Oct 10, 2015",,Sat,Portland State,66,@,North Texas,7,,
2015,6,"Oct 10, 2015",,Sat,Rice,27,@,Florida Atlantic,26,,
2015,6,"Oct 10, 2015",,Sat,San Diego State,28,@,Hawaii,14,,
2015,6,"Oct 10, 2015",,Sat,San Jose State,33,@,Nevada-Las Vegas,27,,
2015,6,"Oct 10, 2015",,Sat,South Florida,45,,Syracuse,24,,
2015,6,"Oct 10, 2015",,Sat,Temple,49,,Tulane,10,,
2015,6,"Oct 10, 2015",,Sat,Tennessee,38,,(19) Georgia,31,,
2015,6,"Oct 10, 2015",,Sat,Texas,24,,(10) Oklahoma,17,,Cotton Bowl Stadium - Dallas Texas
2015,6,"Oct 10, 2015",,Sat,(2) Texas Christian,52,@,Kansas State,45,,
2015,6,"Oct 10, 2015",,Sat,Texas Tech,66,,Iowa State,31,,
2015,6,"Oct 10, 2015",,Sat,(24) Toledo,38,,Kent State,7,,
2015,6,"Oct 10, 2015",,Sat,Tulsa,34,,Louisiana-Monroe,24,,
2015,6,"Oct 10, 2015",,Sat,(5) Utah,30,,(23) California,24,,
2015,6,"Oct 10, 2015",,Sat,Utah State,56,@,Fresno State,14,,
2015,6,"Oct 10, 2015",,Sat,Wake Forest,3,@,Boston College,0,,
2015,6,"Oct 10, 2015",,Sat,Washington State,45,@,Oregon,38,,
2015,6,"Oct 10, 2015",,Sat,Western Kentucky,58,,Middle Tennessee State,28,,
2015,6,"Oct 10, 2015",,Sat,Western Michigan,41,,Central Michigan,39,,
2015,6,"Oct 10, 2015",,Sat,Wisconsin,23,@,Nebraska,21,,
2015,7,"Oct 13, 2015",,Tue,Arkansas State,49,@,South Alabama,31,,
2015,7,"Oct 15, 2015",,Thu,Auburn,30,@,Kentucky,27,,
2015,7,"Oct 15, 2015",,Thu,(15) Stanford,56,,(18) UCLA,35,,
2015,7,"Oct 15, 2015",,Thu,Western Kentucky,55,@,North Texas,28,,
2015,7,"Oct 16, 2015",,Fri,Brigham Young,38,,Cincinnati,24,,
2015,7,"Oct 16, 2015",,Fri,Fresno State,31,,Nevada-Las Vegas,28,,
2015,7,"Oct 16, 2015",,Fri,(24) Houston,42,@,Tulane,7,,
2015,7,"Oct 16, 2015",,Fri,Utah State,52,,(21) Boise State,26,,
2015,7,"Oct 17, 2015",,Sat,(10) Alabama,41,@,(9) Texas A&M,23,,
2015,7,"Oct 17, 2015",,Sat,Appalachian State,59,@,Louisiana-Monroe,14,,
2015,7,"Oct 17, 2015",,Sat,Arizona,38,@,Colorado,31,,
2015,7,"Oct 17, 2015",,Sat,Army,21,,Bucknell,14,,
2015,7,"Oct 17, 2015",,Sat,(2) Baylor,62,,West Virginia,38,,
2015,7,"Oct 17, 2015",,Sat,Bowling Green State,59,,Akron,10,,
2015,7,"Oct 17, 2015",,Sat,Central Michigan,51,,Buffalo,14,,
2015,7,"Oct 17, 2015",,Sat,(5) Clemson,34,,Boston College,17,,
2015,7,"Oct 17, 2015",,Sat,Colorado State,38,,Air Force,23,,
2015,7,"Oct 17, 2015",,Sat,East Carolina,30,,Tulsa,17,,
2015,7,"Oct 17, 2015",,Sat,(11) Florida State,41,,Louisville,21,,
2015,7,"Oct 17, 2015",,Sat,Georgia,9,,Missouri,6,,
2015,7,"Oct 17, 2015",,Sat,Georgia Southern,56,,New Mexico State,26,,
2015,7,"Oct 17, 2015",,Sat,Georgia State,31,@,Ball State,19,,
2015,7,"Oct 17, 2015",,Sat,Idaho,19,@,Troy,16,,
2015,7,"Oct 17, 2015",,Sat,(17) Iowa,40,@,(20) Northwestern,10,,
2015,7,"Oct 17, 2015",,Sat,Kent State,15,@,Massachusetts,10,,
2015,7,"Oct 17, 2015",,Sat,(6) Louisiana State,35,,(8) Florida,28,,
2015,7,"Oct 17, 2015",,Sat,Marshall,33,@,Florida Atlantic,17,,
2015,7,"Oct 17, 2015",,Sat,Memphis,37,,(13) Mississippi,24,,
2015,7,"Oct 17, 2015",,Sat,Miami (FL),30,,Virginia Tech,20,,
2015,7,"Oct 17, 2015",,Sat,(7) Michigan State,27,@,(12) Michigan,23,,
2015,7,"Oct 17, 2015",,Sat,Middle Tennessee State,42,,Florida International,34,,
2015,7,"Oct 17, 2015",,Sat,Mississippi State,45,,Louisiana Tech,20,,
2015,7,"Oct 17, 2015",,Sat,Nebraska,48,@,Minnesota,25,,
2015,7,"Oct 17, 2015",,Sat,New Mexico,28,,Hawaii,27,,
2015,7,"Oct 17, 2015",,Sat,North Carolina,50,,Wake Forest,14,,
2015,7,"Oct 17, 2015",,Sat,Northern Illinois,45,@,Miami (OH),12,,
2015,7,"Oct 17, 2015",,Sat,(14) Notre Dame,41,,Southern California,31,,
2015,7,"Oct 17, 2015",,Sat,(1) Ohio State,38,,Penn State,10,,
2015,7,"Oct 17, 2015",,Sat,(19) Oklahoma,55,@,Kansas State,0,,
2015,7,"Oct 17, 2015",,Sat,Old Dominion,37,,Charlotte,34,,
2015,7,"Oct 17, 2015",,Sat,Oregon,26,@,Washington,20,,
2015,7,"Oct 17, 2015",,Sat,Pittsburgh,31,@,Georgia Tech,28,,
2015,7,"Oct 17, 2015",,Sat,Rutgers,55,@,Indiana,52,,
2015,7,"Oct 17, 2015",,Sat,San Diego State,30,@,San Jose State,7,,
2015,7,"Oct 17, 2015",,Sat,South Carolina,19,,Vanderbilt,10,,
2015,7,"Oct 17, 2015",,Sat,South Florida,28,@,Connecticut,20,,
2015,7,"Oct 17, 2015",,Sat,Southern Mississippi,32,,Texas-San Antonio,10,,
2015,7,"Oct 17, 2015",,Sat,Temple,30,,Central Florida,16,,
2015,7,"Oct 17, 2015",,Sat,(3) Texas Christian,45,@,Iowa State,21,,
2015,7,"Oct 17, 2015",,Sat,Texas Tech,30,@,Kansas,20,,
2015,7,"Oct 17, 2015",,Sat,(22) Toledo,63,,Eastern Michigan,20,,
2015,7,"Oct 17, 2015",,Sat,(4) Utah,34,,Arizona State,18,,
2015,7,"Oct 17, 2015",,Sat,Virginia,44,,Syracuse,38,,
2015,7,"Oct 17, 2015",,Sat,Washington State,52,,Oregon State,31,,
2015,7,"Oct 17, 2015",,Sat,Western Michigan,49,@,Ohio,14,,
2015,7,"Oct 17, 2015",,Sat,Wisconsin,24,,Purdue,7,,
2015,7,"Oct 17, 2015",,Sat,Wyoming,28,,Nevada,21,,
2015,8,"Oct 20, 2015",,Tue,Arkansas State,37,,Louisiana,27,,
2015,8,"Oct 22, 2015",,Thu,Appalachian State,31,,Georgia Southern,13,,
2015,8,"Oct 22, 2015",,Thu,(22) Temple,24,@,East Carolina,14,,
2015,8,"Oct 22, 2015",,Thu,UCLA,40,,(20) California,24,,
2015,8,"Oct 23, 2015",,Fri,(18) Memphis,66,@,Tulsa,42,,
2015,8,"Oct 23, 2015",,Fri,San Diego State,48,,Utah State,14,,
2015,8,"Oct 24, 2015",,Sat,Air Force,42,,Fresno State,14,,
2015,8,"Oct 24, 2015",,Sat,(8) Alabama,19,,Tennessee,14,,
2015,8,"Oct 24, 2015",,Sat,Arkansas,54,,Auburn,46,,
2015,8,"Oct 24, 2015",,Sat,(2) Baylor,45,,Iowa State,27,,
2015,8,"Oct 24, 2015",,Sat,Boise State,34,,Wyoming,14,,
2015,8,"Oct 24, 2015",,Sat,Bowling Green State,48,@,Kent State,0,,
2015,8,"Oct 24, 2015",,Sat,Brigham Young,70,,Wagner,6,,
2015,8,"Oct 24, 2015",,Sat,Buffalo,41,,Ohio,17,,
2015,8,"Oct 24, 2015",,Sat,Central Michigan,23,@,Ball State,21,,
2015,8,"Oct 24, 2015",,Sat,Cincinnati,37,,Connecticut,13,,
2015,8,"Oct 24, 2015",,Sat,(6) Clemson,58,@,Miami (FL),0,,
2015,8,"Oct 24, 2015",,Sat,Colorado,17,@,Oregon State,13,,
2015,8,"Oct 24, 2015",,Sat,(23) Duke,45,@,Virginia Tech,43,,
2015,8,"Oct 24, 2015",,Sat,Florida International,41,,Old Dominion,12,,
2015,8,"Oct 24, 2015",,Sat,Georgia Tech,22,,(9) Florida State,16,,
2015,8,"Oct 24, 2015",,Sat,(21) Houston,59,@,Central Florida,10,,
2015,8,"Oct 24, 2015",,Sat,Idaho,27,,Louisiana-Monroe,13,,
2015,8,"Oct 24, 2015",,Sat,(5) Louisiana State,48,,Western Kentucky,20,,
2015,8,"Oct 24, 2015",,Sat,Louisiana Tech,45,,Middle Tennessee State,16,,
2015,8,"Oct 24, 2015",,Sat,Louisville,17,,Boston College,14,,
2015,8,"Oct 24, 2015",,Sat,Marshall,30,,North Texas,13,,
2015,8,"Oct 24, 2015",,Sat,(7) Michigan State,52,,Indiana,26,,
2015,8,"Oct 24, 2015",,Sat,(24) Mississippi,23,,(15) Texas A&M,3,,
2015,8,"Oct 24, 2015",,Sat,Mississippi State,42,,Kentucky,16,,
2015,8,"Oct 24, 2015",,Sat,Navy,31,,Tulane,14,,
2015,8,"Oct 24, 2015",,Sat,Nevada,30,,Hawaii,20,,
2015,8,"Oct 24, 2015",,Sat,North Carolina,26,,Virginia,13,,
2015,8,"Oct 24, 2015",,Sat,North Carolina State,35,@,Wake Forest,17,,
2015,8,"Oct 24, 2015",,Sat,Northern Illinois,49,,Eastern Michigan,21,,
2015,8,"Oct 24, 2015",,Sat,Northwestern,30,@,Nebraska,28,,
2015,8,"Oct 24, 2015",,Sat,(1) Ohio State,49,@,Rutgers,7,,
2015,8,"Oct 24, 2015",,Sat,(17) Oklahoma,63,,Texas Tech,27,,
2015,8,"Oct 24, 2015",,Sat,(14) Oklahoma State,58,,Kansas,10,,
2015,8,"Oct 24, 2015",,Sat,Penn State,31,,Maryland,30,,M&T Bank Stadium - Baltimore Maryland
2015,8,"Oct 24, 2015",,Sat,(25) Pittsburgh,23,@,Syracuse,20,,
2015,8,"Oct 24, 2015",,Sat,Rice,38,,Army,31,,
2015,8,"Oct 24, 2015",,Sat,San Jose State,31,,New Mexico,21,,
2015,8,"Oct 24, 2015",,Sat,South Florida,38,,Southern Methodist,14,,
2015,8,"Oct 24, 2015",,Sat,Southern California,42,,(3) Utah,24,,
2015,8,"Oct 24, 2015",,Sat,Southern Mississippi,44,@,Charlotte,10,,
2015,8,"Oct 24, 2015",,Sat,(10) Stanford,31,,Washington,14,,
2015,8,"Oct 24, 2015",,Sat,Texas,23,,Kansas State,9,,
2015,8,"Oct 24, 2015",,Sat,Texas State,36,,South Alabama,18,,
2015,8,"Oct 24, 2015",,Sat,Texas-El Paso,27,,Florida Atlantic,17,,
2015,8,"Oct 24, 2015",,Sat,(19) Toledo,51,@,Massachusetts,35,,
2015,8,"Oct 24, 2015",,Sat,Troy,52,@,New Mexico State,7,,
2015,8,"Oct 24, 2015",,Sat,Vanderbilt,10,,Missouri,3,,
2015,8,"Oct 24, 2015",,Sat,Washington State,45,@,Arizona,42,,
2015,8,"Oct 24, 2015",,Sat,Western Michigan,35,,Miami (OH),13,,
2015,8,"Oct 24, 2015",,Sat,Wisconsin,24,@,Illinois,13,,
2015,9,"Oct 29, 2015",,Thu,Buffalo,29,@,Miami (OH),24,,
2015,9,"Oct 29, 2015",,Thu,Georgia Southern,37,,Texas State,13,,
2015,9,"Oct 29, 2015",,Thu,North Carolina,26,@,(23) Pittsburgh,19,,
2015,9,"Oct 29, 2015",,Thu,Oregon,61,@,Arizona State,55,,
2015,9,"Oct 29, 2015",,Thu,(5) Texas Christian,40,,West Virginia,10,,
2015,9,"Oct 29, 2015",,Thu,Western Michigan,58,@,Eastern Michigan,28,,
2015,9,"Oct 30, 2015",,Fri,Connecticut,31,,East Carolina,13,,
2015,9,"Oct 30, 2015",,Fri,Louisiana Tech,42,@,Rice,17,,
2015,9,"Oct 30, 2015",,Fri,Louisville,20,@,Wake Forest,19,,
2015,9,"Oct 30, 2015",,Fri,Utah State,58,,Wyoming,27,,
2015,9,"Oct 31, 2015",,Sat,Air Force,58,@,Hawaii,7,,
2015,9,"Oct 31, 2015",,Sat,Appalachian State,44,,Troy,41,,
2015,9,"Oct 31, 2015",,Sat,Arkansas,63,,Tennessee-Martin,28,,
2015,9,"Oct 31, 2015",,Sat,Arkansas State,48,,Georgia State,34,,
2015,9,"Oct 31, 2015",,Sat,Ball State,20,,Massachusetts,10,,
2015,9,"Oct 31, 2015",,Sat,Boise State,55,@,Nevada-Las Vegas,27,,
2015,9,"Oct 31, 2015",,Sat,Central Michigan,14,@,Akron,6,,
2015,9,"Oct 31, 2015",,Sat,Cincinnati,52,,Central Florida,7,,
2015,9,"Oct 31, 2015",,Sat,(3) Clemson,56,@,North Carolina State,41,,
2015,9,"Oct 31, 2015",,Sat,(11) Florida,27,,Georgia,3,,EverBank Field - Jacksonville Florida
2015,9,"Oct 31, 2015",,Sat,Florida Atlantic,31,,Florida International,17,,
2015,9,"Oct 31, 2015",,Sat,(17) Florida State,45,,Syracuse,21,,
2015,9,"Oct 31, 2015",,Sat,(18) Houston,34,,Vanderbilt,0,,
2015,9,"Oct 31, 2015",,Sat,(10) Iowa,31,,Maryland,15,,
2015,9,"Oct 31, 2015",,Sat,Iowa State,24,,Texas,0,,
2015,9,"Oct 31, 2015",,Sat,Louisiana,30,,Louisiana-Monroe,24,,
2015,9,"Oct 31, 2015",,Sat,Marshall,34,@,Charlotte,10,,
2015,9,"Oct 31, 2015",,Sat,(16) Memphis,41,,Tulane,13,,
2015,9,"Oct 31, 2015",,Sat,Miami (FL),30,@,(22) Duke,27,,
2015,9,"Oct 31, 2015",,Sat,(15) Michigan,29,@,Minnesota,26,,
2015,9,"Oct 31, 2015",,Sat,(19) Mississippi,27,@,Auburn,19,,
2015,9,"Oct 31, 2015",,Sat,Navy,29,,South Florida,17,,
2015,9,"Oct 31, 2015",,Sat,New Mexico State,55,,Idaho,48,,
2015,9,"Oct 31, 2015",,Sat,North Texas,30,,Texas-San Antonio,23,,
2015,9,"Oct 31, 2015",,Sat,(9) Notre Dame,24,@,(21) Temple,20,,
2015,9,"Oct 31, 2015",,Sat,(14) Oklahoma,62,@,Kansas,7,,
2015,9,"Oct 31, 2015",,Sat,(12) Oklahoma State,70,@,Texas Tech,53,,
2015,9,"Oct 31, 2015",,Sat,Penn State,39,,Illinois,0,,
2015,9,"Oct 31, 2015",,Sat,Purdue,55,,Nebraska,45,,
2015,9,"Oct 31, 2015",,Sat,San Diego State,41,@,Colorado State,17,,
2015,9,"Oct 31, 2015",,Sat,Southern California,27,@,California,21,,
2015,9,"Oct 31, 2015",,Sat,Southern Mississippi,34,,Texas-El Paso,13,,
2015,9,"Oct 31, 2015",,Sat,(8) Stanford,30,@,Washington State,28,,
2015,9,"Oct 31, 2015",,Sat,Tennessee,52,@,Kentucky,21,,
2015,9,"Oct 31, 2015",,Sat,Texas A&M,35,,South Carolina,28,,
2015,9,"Oct 31, 2015",,Sat,Tulsa,40,@,Southern Methodist,31,,
2015,9,"Oct 31, 2015",,Sat,(24) UCLA,35,,Colorado,31,,
2015,9,"Oct 31, 2015",,Sat,(13) Utah,27,,Oregon State,12,,
2015,9,"Oct 31, 2015",,Sat,Virginia,27,,Georgia Tech,21,,
2015,9,"Oct 31, 2015",,Sat,Virginia Tech,26,@,Boston College,10,,
2015,9,"Oct 31, 2015",,Sat,Washington,49,,Arizona,3,,
2015,9,"Oct 31, 2015",,Sat,Western Kentucky,55,@,Old Dominion,30,,
2015,9,"Oct 31, 2015",,Sat,Wisconsin,48,,Rutgers,10,,
2015,10,"Nov 3, 2015",,Tue,Northern Illinois,32,@,(20) Toledo,27,ESPN2,
2015,10,"Nov 4, 2015",,Wed,Bowling Green State,62,,Ohio,24,ESPN2,
2015,10,"Nov 5, 2015",,Thu,Arkansas State,40,@,Appalachian State,27,ESPNU,
2015,10,"Nov 5, 2015",,Thu,(2) Baylor,31,@,Kansas State,24,FOXS1,
2015,10,"Nov 5, 2015",,Thu,Buffalo,18,@,Kent State,17,,
2015,10,"Nov 5, 2015",,Thu,(24) Mississippi State,31,@,Missouri,13,ESPN,
2015,10,"Nov 5, 2015",,Thu,Nevada,30,@,Fresno State,16,ESPN2,
2015,10,"Nov 5, 2015",,Thu,Western Michigan,54,,Ball State,7,,
2015,10,"Nov 6, 2015",,Fri,Brigham Young,17,@,San Jose State,16,CBSSN,
2015,10,"Nov 6, 2015",,Fri,(23) Temple,60,@,Southern Methodist,40,ESPN2,
2015,10,"Nov 6, 2015",,Fri,Texas-El Paso,24,,Rice,21,CBSSN,
2015,10,"Nov 7, 2015",,Sat,Air Force,20,,Army,3,,
2015,10,"Nov 7, 2015",,Sat,Akron,17,@,Massachusetts,13,,
2015,10,"Nov 7, 2015",,Sat,(7) Alabama,30,,(4) Louisiana State,16,,
2015,10,"Nov 7, 2015",,Sat,Arkansas,53,@,(19) Mississippi,52,,
2015,10,"Nov 7, 2015",,Sat,Auburn,26,@,(25) Texas A&M,10,,
2015,10,"Nov 7, 2015",,Sat,(3) Clemson,23,,(17) Florida State,13,,
2015,10,"Nov 7, 2015",,Sat,Colorado State,26,@,Wyoming,7,,
2015,10,"Nov 7, 2015",,Sat,Connecticut,7,@,Tulane,3,,
2015,10,"Nov 7, 2015",,Sat,(11) Florida,9,,Vanderbilt,7,,
2015,10,"Nov 7, 2015",,Sat,Florida International,48,,Charlotte,31,,
2015,10,"Nov 7, 2015",,Sat,Georgia,27,,Kentucky,3,,
2015,10,"Nov 7, 2015",,Sat,(18) Houston,33,,Cincinnati,30,,
2015,10,"Nov 7, 2015",,Sat,Illinois,48,@,Purdue,14,,
2015,10,"Nov 7, 2015",,Sat,(10) Iowa,35,@,Indiana,27,,
2015,10,"Nov 7, 2015",,Sat,Louisiana,23,@,Georgia State,21,,
2015,10,"Nov 7, 2015",,Sat,Louisiana Tech,56,,North Texas,13,,
2015,10,"Nov 7, 2015",,Sat,Louisville,41,,Syracuse,17,,
2015,10,"Nov 7, 2015",,Sat,Miami (FL),27,,Virginia,21,,
2015,10,"Nov 7, 2015",,Sat,Miami (OH),28,,Eastern Michigan,13,,
2015,10,"Nov 7, 2015",,Sat,(16) Michigan,49,,Rutgers,16,,
2015,10,"Nov 7, 2015",,Sat,Middle Tennessee State,27,,Marshall,24,,
2015,10,"Nov 7, 2015",,Sat,Navy,45,@,(15) Memphis,20,,
2015,10,"Nov 7, 2015",,Sat,Nebraska,39,,(6) Michigan State,38,,
2015,10,"Nov 7, 2015",,Sat,Nevada-Las Vegas,41,,Hawaii,21,,
2015,10,"Nov 7, 2015",,Sat,New Mexico,14,,Utah State,13,CBSSN,
2015,10,"Nov 7, 2015",,Sat,New Mexico State,31,@,Texas State,21,,
2015,10,"Nov 7, 2015",,Sat,(21) North Carolina,66,,Duke,31,,
2015,10,"Nov 7, 2015",,Sat,North Carolina State,24,@,Boston College,8,,
2015,10,"Nov 7, 2015",,Sat,Northwestern,23,,Penn State,21,,
2015,10,"Nov 7, 2015",,Sat,(8) Notre Dame,42,@,Pittsburgh,30,,
2015,10,"Nov 7, 2015",,Sat,(1) Ohio State,28,,Minnesota,14,,
2015,10,"Nov 7, 2015",,Sat,(14) Oklahoma,52,,Iowa State,16,,
2015,10,"Nov 7, 2015",,Sat,(12) Oklahoma State,49,,(5) Texas Christian,29,,
2015,10,"Nov 7, 2015",,Sat,Old Dominion,36,@,Texas-San Antonio,31,,
2015,10,"Nov 7, 2015",,Sat,Oregon,44,,California,28,,
2015,10,"Nov 7, 2015",,Sat,South Alabama,52,,Idaho,45,,
2015,10,"Nov 7, 2015",,Sat,South Florida,22,@,East Carolina,17,,
2015,10,"Nov 7, 2015",,Sat,Southern California,38,,Arizona,30,,
2015,10,"Nov 7, 2015",,Sat,(9) Stanford,42,@,Colorado,10,,
2015,10,"Nov 7, 2015",,Sat,Tennessee,27,,South Carolina,24,,
2015,10,"Nov 7, 2015",,Sat,Texas,59,,Kansas,20,,
2015,10,"Nov 7, 2015",,Sat,Troy,51,,Louisiana-Monroe,14,,
2015,10,"Nov 7, 2015",,Sat,Tulsa,45,,Central Florida,30,,
2015,10,"Nov 7, 2015",,Sat,(22) UCLA,41,@,Oregon State,0,,
2015,10,"Nov 7, 2015",,Sat,(13) Utah,34,@,Washington,23,,
2015,10,"Nov 7, 2015",,Sat,Washington State,38,,Arizona State,24,,
2015,10,"Nov 7, 2015",,Sat,West Virginia,31,,Texas Tech,26,,
2015,10,"Nov 7, 2015",,Sat,Western Kentucky,35,,Florida Atlantic,19,,
2015,10,"Nov 7, 2015",,Sat,Wisconsin,31,@,Maryland,24,,
2015,11,"Nov 10, 2015",,Tue,Ohio,27,,Kent State,0,ESPN2,
2015,11,"Nov 10, 2015",,Tue,Toledo,28,@,Central Michigan,23,ESPN2,
2015,11,"Nov 11, 2015",,Wed,Bowling Green State,41,@,Western Michigan,27,ESPN2,
2015,11,"Nov 11, 2015",,Wed,Northern Illinois,41,@,Buffalo,30,ESPN2,
2015,11,"Nov 12, 2015",,Thu,South Alabama,32,,Louisiana,25,ESPNU,
2015,11,"Nov 12, 2015",,Thu,Virginia Tech,23,@,Georgia Tech,21,ESPN,
2015,11,"Nov 13, 2015",,Fri,Southern California,27,@,Colorado,24,ESPN2,
2015,11,"Nov 14, 2015",,Sat,Air Force,35,,Utah State,28,,
2015,11,"Nov 14, 2015",,Sat,Akron,37,@,Miami (OH),28,,
2015,11,"Nov 14, 2015",,Sat,(3) Alabama,31,@,(20) Mississippi State,6,,
2015,11,"Nov 14, 2015",,Sat,Appalachian State,47,@,Idaho,20,,
2015,11,"Nov 14, 2015",,Sat,Arizona,37,,(10) Utah,30,,
2015,11,"Nov 14, 2015",,Sat,Arizona State,27,,Washington,17,,
2015,11,"Nov 14, 2015",,Sat,Arkansas,31,@,(9) Louisiana State,14,,
2015,11,"Nov 14, 2015",,Sat,Arkansas State,59,@,Louisiana-Monroe,21,,
2015,11,"Nov 14, 2015",,Sat,California,54,,Oregon State,24,,
2015,11,"Nov 14, 2015",,Sat,Cincinnati,49,,Tulsa,38,,
2015,11,"Nov 14, 2015",,Sat,(1) Clemson,37,@,Syracuse,27,,
2015,11,"Nov 14, 2015",,Sat,Colorado State,49,,Nevada-Las Vegas,35,,
2015,11,"Nov 14, 2015",,Sat,(11) Florida,24,@,South Carolina,14,,
2015,11,"Nov 14, 2015",,Sat,(19) Florida State,34,,North Carolina State,17,,
2015,11,"Nov 14, 2015",,Sat,Fresno State,42,@,Hawaii,14,,
2015,11,"Nov 14, 2015",,Sat,Georgia,20,@,Auburn,13,,
2015,11,"Nov 14, 2015",,Sat,Georgia Southern,45,@,Troy,10,,
2015,11,"Nov 14, 2015",,Sat,Georgia State,41,@,Texas State,19,,
2015,11,"Nov 14, 2015",,Sat,(16) Houston,35,,(25) Memphis,34,,
2015,11,"Nov 14, 2015",,Sat,(8) Iowa,40,,Minnesota,35,BTN,
2015,11,"Nov 14, 2015",,Sat,Louisville,38,,Virginia,31,,
2015,11,"Nov 14, 2015",,Sat,Marshall,52,,Florida International,0,,
2015,11,"Nov 14, 2015",,Sat,Massachusetts,28,@,Eastern Michigan,17,,
2015,11,"Nov 14, 2015",,Sat,(15) Michigan,48,@,Indiana,41,,
2015,11,"Nov 14, 2015",,Sat,(14) Michigan State,24,,Maryland,7,,
2015,11,"Nov 14, 2015",,Sat,Middle Tennessee State,24,@,Florida Atlantic,17,,
2015,11,"Nov 14, 2015",,Sat,Missouri,20,,Brigham Young,16,,Arrowhead Stadium - Kansas City Missouri
2015,11,"Nov 14, 2015",,Sat,(22) Navy,55,,Southern Methodist,14,CBSSN,
2015,11,"Nov 14, 2015",,Sat,Nebraska,31,@,Rutgers,14,,
2015,11,"Nov 14, 2015",,Sat,Nevada,37,,San Jose State,34,,
2015,11,"Nov 14, 2015",,Sat,New Mexico,31,@,Boise State,24,,
2015,11,"Nov 14, 2015",,Sat,(17) North Carolina,59,,Miami (FL),21,,
2015,11,"Nov 14, 2015",,Sat,(24) Northwestern,21,,Purdue,14,,
2015,11,"Nov 14, 2015",,Sat,(6) Notre Dame,28,,Wake Forest,7,NBC,
2015,11,"Nov 14, 2015",,Sat,(2) Ohio State,28,@,Illinois,3,,
2015,11,"Nov 14, 2015",,Sat,(12) Oklahoma,44,@,(4) Baylor,34,,
2015,11,"Nov 14, 2015",,Sat,(5) Oklahoma State,35,@,Iowa State,31,,
2015,11,"Nov 14, 2015",,Sat,Old Dominion,31,,Texas-El Paso,21,,
2015,11,"Nov 14, 2015",,Sat,Oregon,38,@,(7) Stanford,36,,
2015,11,"Nov 14, 2015",,Sat,Pittsburgh,31,@,Duke,13,,
2015,11,"Nov 14, 2015",,Sat,San Diego State,38,,Wyoming,3,CBSSN,
2015,11,"Nov 14, 2015",,Sat,South Florida,44,,(21) Temple,23,,
2015,11,"Nov 14, 2015",,Sat,Southern Mississippi,65,@,Rice,10,,
2015,11,"Nov 14, 2015",,Sat,Tennessee,24,,North Texas,0,,
2015,11,"Nov 14, 2015",,Sat,Texas A&M,41,,Western Carolina,17,,
2015,11,"Nov 14, 2015",,Sat,(13) Texas Christian,23,,Kansas,17,,
2015,11,"Nov 14, 2015",,Sat,Texas Tech,59,,Kansas State,44,,
2015,11,"Nov 14, 2015",,Sat,Texas-San Antonio,30,@,Charlotte,27,,
2015,11,"Nov 14, 2015",,Sat,Tulane,34,@,Army,31,CBSSN,
2015,11,"Nov 14, 2015",,Sat,Vanderbilt,21,,Kentucky,17,,
2015,11,"Nov 14, 2015",,Sat,Washington State,31,@,(18) UCLA,27,,
2015,11,"Nov 14, 2015",,Sat,West Virginia,38,,Texas,20,,
2015,12,"Nov 17, 2015",,Tue,Ohio,48,,Ball State,31,,
2015,12,"Nov 17, 2015",,Tue,Toledo,44,@,Bowling Green State,28,,
2015,12,"Nov 18, 2015",,Wed,Central Michigan,27,@,Kent State,14,ESPN2,
2015,12,"Nov 18, 2015",,Wed,Northern Illinois,27,,Western Michigan,19,ESPN2,
2015,12,"Nov 19, 2015",,Thu,East Carolina,44,@,Central Florida,7,ESPN,
2015,12,"Nov 19, 2015",,Thu,Texas State,16,,Louisiana-Monroe,3,ESPNU,
2015,12,"Nov 20, 2015",,Fri,Air Force,37,@,Boise State,30,ESPN2,
2015,12,"Nov 20, 2015",,Fri,South Florida,65,,Cincinnati,27,,
2015,12,"Nov 21, 2015",,Sat,Akron,42,,Buffalo,21,,
2015,12,"Nov 21, 2015",,Sat,(3) Alabama,56,,Charleston Southern,6,,
2015,12,"Nov 21, 2015",,Sat,Arizona State,52,,Arizona,37,,
2015,12,"Nov 21, 2015",,Sat,Auburn,56,,Idaho,34,,
2015,12,"Nov 21, 2015",,Sat,(10) Baylor,45,@,(4) Oklahoma State,35,,
2015,12,"Nov 21, 2015",,Sat,Brigham Young,52,,Fresno State,10,,
2015,12,"Nov 21, 2015",,Sat,Citadel,23,@,South Carolina,22,,
2015,12,"Nov 21, 2015",,Sat,(1) Clemson,33,,Wake Forest,13,,
2015,12,"Nov 21, 2015",,Sat,Colorado State,28,@,New Mexico,21,,
2015,12,"Nov 21, 2015",,Sat,Connecticut,20,,(13) Houston,17,,
2015,12,"Nov 21, 2015",,Sat,(8) Florida,20,,Florida Atlantic,14,,
2015,12,"Nov 21, 2015",,Sat,(16) Florida State,52,,Chattanooga,13,,
2015,12,"Nov 21, 2015",,Sat,Georgia,23,,Georgia Southern,17,,
2015,12,"Nov 21, 2015",,Sat,Georgia State,24,,South Alabama,10,,
2015,12,"Nov 21, 2015",,Sat,Indiana,47,@,Maryland,28,,
2015,12,"Nov 21, 2015",,Sat,(6) Iowa,40,,Purdue,20,,
2015,12,"Nov 21, 2015",,Sat,Kansas State,38,,Iowa State,35,,
2015,12,"Nov 21, 2015",,Sat,Kentucky,58,,Charlotte,10,,
2015,12,"Nov 21, 2015",,Sat,Louisiana Tech,17,@,Texas-El Paso,15,,
2015,12,"Nov 21, 2015",,Sat,Miami (FL),38,,Georgia Tech,21,,
2015,12,"Nov 21, 2015",,Sat,Miami (OH),20,@,Massachusetts,13,,
2015,12,"Nov 21, 2015",,Sat,(14) Michigan,28,@,Penn State,16,,
2015,12,"Nov 21, 2015",,Sat,(9) Michigan State,17,@,(2) Ohio State,14,,
2015,12,"Nov 21, 2015",,Sat,Middle Tennessee State,41,,North Texas,7,,
2015,12,"Nov 21, 2015",,Sat,Minnesota,32,,Illinois,23,,
2015,12,"Nov 21, 2015",,Sat,(25) Mississippi,38,,(17) Louisiana State,17,,
2015,12,"Nov 21, 2015",,Sat,Mississippi State,51,@,Arkansas,50,,
2015,12,"Nov 21, 2015",,Sat,(19) Navy,44,@,Tulsa,21,,
2015,12,"Nov 21, 2015",,Sat,New Mexico State,37,@,Louisiana,34,,
2015,12,"Nov 21, 2015",,Sat,(12) North Carolina,30,@,Virginia Tech,27,,
2015,12,"Nov 21, 2015",,Sat,North Carolina State,42,,Syracuse,29,,
2015,12,"Nov 21, 2015",,Sat,(20) Northwestern,13,@,(21) Wisconsin,7,,
2015,12,"Nov 21, 2015",,Sat,(5) Notre Dame,19,,Boston College,16,NBC,Fenway Park - Boston Massachusetts
2015,12,"Nov 21, 2015",,Sat,(7) Oklahoma,30,,(11) Texas Christian,29,,
2015,12,"Nov 21, 2015",,Sat,(23) Oregon,48,,(22) Southern California,28,,
2015,12,"Nov 21, 2015",,Sat,Pittsburgh,45,,Louisville,34,,
2015,12,"Nov 21, 2015",,Sat,Rutgers,31,@,Army,21,CBSSN,
2015,12,"Nov 21, 2015",,Sat,San Diego State,52,@,Nevada-Las Vegas,14,CBSSN,
2015,12,"Nov 21, 2015",,Sat,San Jose State,42,@,Hawaii,23,,
2015,12,"Nov 21, 2015",,Sat,Southern Methodist,49,,Tulane,21,,
2015,12,"Nov 21, 2015",,Sat,Southern Mississippi,56,,Old Dominion,31,,
2015,12,"Nov 21, 2015",,Sat,(15) Stanford,35,,California,22,,
2015,12,"Nov 21, 2015",,Sat,Temple,31,,Memphis,12,,
2015,12,"Nov 21, 2015",,Sat,Tennessee,19,@,Missouri,8,,
2015,12,"Nov 21, 2015",,Sat,Texas A&M,25,@,Vanderbilt,0,,
2015,12,"Nov 21, 2015",,Sat,Texas-San Antonio,34,,Rice,24,,
2015,12,"Nov 21, 2015",,Sat,UCLA,17,@,(18) Utah,9,,
2015,12,"Nov 21, 2015",,Sat,Utah State,31,,Nevada,27,,
2015,12,"Nov 21, 2015",,Sat,Virginia,42,,Duke,34,,
2015,12,"Nov 21, 2015",,Sat,Washington,52,@,Oregon State,7,,
2015,12,"Nov 21, 2015",,Sat,(24) Washington State,27,,Colorado,3,,
2015,12,"Nov 21, 2015",,Sat,West Virginia,49,@,Kansas,0,,
2015,12,"Nov 21, 2015",,Sat,Western Kentucky,63,@,Florida International,7,,
2015,13,"Nov 24, 2015",,Tue,Bowling Green State,48,@,Ball State,10,ESPNU,
2015,13,"Nov 24, 2015",,Tue,Ohio,26,@,Northern Illinois,21,ESPNU,
2015,13,"Nov 26, 2015",,Thu,South Florida,44,@,Central Florida,3,,
2015,13,"Nov 26, 2015",,Thu,Texas Tech,48,@,Texas,45,FOXS1,
2015,13,"Nov 27, 2015",,Fri,Akron,20,,Kent State,0,,
2015,13,"Nov 27, 2015",,Fri,Arkansas,28,,Missouri,3,CBS,
2015,13,"Nov 27, 2015",,Fri,Boise State,40,@,San Jose State,23,CBSSN,
2015,13,"Nov 27, 2015",,Fri,Central Michigan,35,,Eastern Michigan,28,,
2015,13,"Nov 27, 2015",,Fri,Georgia State,31,,Troy,21,,
2015,13,"Nov 27, 2015",,Fri,(21) Houston,52,,(16) Navy,31,,
2015,13,"Nov 27, 2015",,Fri,(3) Iowa,28,@,Nebraska,20,,
2015,13,"Nov 27, 2015",,Fri,Massachusetts,31,@,Buffalo,26,,
2015,13,"Nov 27, 2015",,Fri,Miami (FL),29,@,Pittsburgh,24,,
2015,13,"Nov 27, 2015",,Fri,(18) Oregon,52,,Oregon State,42,,
2015,13,"Nov 27, 2015",,Fri,(15) Texas Christian,28,,(7) Baylor,21,ESPN,
2015,13,"Nov 27, 2015",,Fri,Tulsa,45,@,Tulane,34,,
2015,13,"Nov 27, 2015",,Fri,Washington,45,,(20) Washington State,10,,
2015,13,"Nov 27, 2015",,Fri,Western Kentucky,49,,Marshall,28,FOXS1,
2015,13,"Nov 27, 2015",,Fri,Western Michigan,35,@,(24) Toledo,30,,
2015,13,"Nov 28, 2015",,Sat,(2) Alabama,29,@,Auburn,13,,
2015,13,"Nov 28, 2015",,Sat,Appalachian State,28,,Louisiana,7,,
2015,13,"Nov 28, 2015",,Sat,Arkansas State,52,@,New Mexico State,28,,
2015,13,"Nov 28, 2015",,Sat,Brigham Young,51,@,Utah State,28,CBSSN,
2015,13,"Nov 28, 2015",,Sat,California,48,,Arizona State,46,,
2015,13,"Nov 28, 2015",,Sat,Cincinnati,19,@,East Carolina,16,,
2015,13,"Nov 28, 2015",,Sat,(1) Clemson,37,@,South Carolina,32,,
2015,13,"Nov 28, 2015",,Sat,Colorado State,34,@,Fresno State,31,CBSSN,
2015,13,"Nov 28, 2015",,Sat,Duke,27,@,Wake Forest,21,,
2015,13,"Nov 28, 2015",,Sat,Florida Atlantic,33,@,Old Dominion,31,,
2015,13,"Nov 28, 2015",,Sat,(14) Florida State,27,@,(10) Florida,2,,
2015,13,"Nov 28, 2015",,Sat,Georgia,13,@,Georgia Tech,7,,
2015,13,"Nov 28, 2015",,Sat,Georgia Southern,55,,South Alabama,17,,
2015,13,"Nov 28, 2015",,Sat,Hawaii,28,,Louisiana-Monroe,26,,
2015,13,"Nov 28, 2015",,Sat,Idaho,38,,Texas State,31,,
2015,13,"Nov 28, 2015",,Sat,Indiana,54,@,Purdue,36,,
2015,13,"Nov 28, 2015",,Sat,Kansas State,45,@,Kansas,14,,
2015,13,"Nov 28, 2015",,Sat,Louisiana State,19,,Texas A&M,7,,
2015,13,"Nov 28, 2015",,Sat,Louisville,38,@,Kentucky,24,,
2015,13,"Nov 28, 2015",,Sat,Maryland,46,@,Rutgers,41,,
2015,13,"Nov 28, 2015",,Sat,Memphis,63,,Southern Methodist,0,,
2015,13,"Nov 28, 2015",,Sat,(6) Michigan State,55,,Penn State,16,,
2015,13,"Nov 28, 2015",,Sat,Middle Tennessee State,42,@,Texas-San Antonio,7,,
2015,13,"Nov 28, 2015",,Sat,(19) Mississippi,38,@,(23) Mississippi State,27,,
2015,13,"Nov 28, 2015",,Sat,New Mexico,47,,Air Force,35,,
2015,13,"Nov 28, 2015",,Sat,(11) North Carolina,45,@,North Carolina State,34,,
2015,13,"Nov 28, 2015",,Sat,(17) Northwestern,24,,Illinois,14,,Soldier Field - Chicago Illinois
2015,13,"Nov 28, 2015",,Sat,(8) Ohio State,42,@,(12) Michigan,13,,
2015,13,"Nov 28, 2015",,Sat,(5) Oklahoma,58,@,(9) Oklahoma State,23,,
2015,13,"Nov 28, 2015",,Sat,Rice,27,,Charlotte,7,,
2015,13,"Nov 28, 2015",,Sat,San Diego State,31,,Nevada,14,,
2015,13,"Nov 28, 2015",,Sat,Southern California,40,,(22) UCLA,21,,
2015,13,"Nov 28, 2015",,Sat,Southern Mississippi,58,@,Louisiana Tech,24,,
2015,13,"Nov 28, 2015",,Sat,(13) Stanford,38,,(4) Notre Dame,36,,
2015,13,"Nov 28, 2015",,Sat,Syracuse,20,,Boston College,17,,
2015,13,"Nov 28, 2015",,Sat,(25) Temple,27,,Connecticut,3,,
2015,13,"Nov 28, 2015",,Sat,Tennessee,53,,Vanderbilt,28,,
2015,13,"Nov 28, 2015",,Sat,Texas-El Paso,20,@,North Texas,17,,
2015,13,"Nov 28, 2015",,Sat,Utah,20,,Colorado,14,,
2015,13,"Nov 28, 2015",,Sat,Virginia Tech,23,@,Virginia,20,,
2015,13,"Nov 28, 2015",,Sat,West Virginia,30,,Iowa State,6,,
2015,13,"Nov 28, 2015",,Sat,Wisconsin,31,@,Minnesota,21,,
2015,13,"Nov 28, 2015",,Sat,Wyoming,35,,Nevada-Las Vegas,28,,
2015,14,"Dec 4, 2015",,Fri,Bowling Green State,34,,Northern Illinois,14,,Mid-American Conference Championship
2015,14,"Dec 5, 2015",,Sat,(2) Alabama,29,,(18) Florida,15,,Southeastern Conference Championship
2015,14,"Dec 5, 2015",,Sat,Appalachian State,34,@,South Alabama,27,,
2015,14,"Dec 5, 2015",,Sat,Arkansas State,55,,Texas State,17,,
2015,14,"Dec 5, 2015",,Sat,(1) Clemson,45,,(8) North Carolina,37,,Atlantic Coast Conference Championship
2015,14,"Dec 5, 2015",,Sat,Georgia State,34,@,Georgia Southern,7,,
2015,14,"Dec 5, 2015",,Sat,(17) Houston,24,,(20) Temple,13,,American Athletic Conference Championship
2015,14,"Dec 5, 2015",,Sat,Kansas State,24,,West Virginia,23,,
2015,14,"Dec 5, 2015",,Sat,Louisiana-Monroe,42,,New Mexico State,35,,
2015,14,"Dec 5, 2015",,Sat,(5) Michigan State,16,,(4) Iowa,13,,Big Ten Conference Championship
2015,14,"Dec 5, 2015",,Sat,San Diego State,27,,Air Force,24,,Mountain West Conference Championship
2015,14,"Dec 5, 2015",,Sat,(7) Stanford,41,,(24) Southern California,22,,Pacific-12 Conference Championship
2015,14,"Dec 5, 2015",,Sat,Texas,23,@,(12) Baylor,17,,
2015,14,"Dec 5, 2015",,Sat,Troy,41,@,Louisiana,17,,
2015,14,"Dec 5, 2015",,Sat,Western Kentucky,45,,Southern Mississippi,28,,Conference USA Championship
2015,15,"Dec 12, 2015",,Sat,(21) Navy,21,,Army,17,,Lincoln Financial Field - Philadelphia Pennsylvania
2015,16,"Dec 19, 2015",,Sat,Appalachian State,31,,Ohio,29,,"Raycom Media Camellia Bowl (Montgomery, AL)"
2015,16,"Dec 19, 2015",,Sat,Arizona,45,,New Mexico,37,,"New Mexico Bowl (Albuquerque, NM)"
2015,16,"Dec 19, 2015",,Sat,Louisiana Tech,47,,Arkansas State,28,,"New Orleans Bowl (New Orleans, LA)"
2015,16,"Dec 19, 2015",,Sat,San Jose State,27,,Georgia State,16,,Cure Bowl
2015,16,"Dec 19, 2015",,Sat,(20) Utah,35,,Brigham Young,28,,"Las Vegas Bowl (Las Vegas, NV)"
2015,16,"Dec 21, 2015",,Mon,(25) Western Kentucky,45,,South Florida,35,,"Miami Beach Bowl (Miami, FL)"
2015,17,"Dec 22, 2015",,Tue,Akron,23,,Utah State,21,,"Famous Idaho Potato Bowl (Boise, ID)"
2015,17,"Dec 22, 2015",,Tue,Toledo,32,,(24) Temple,17,,"Boca Raton Bowl (Boca Raton, FL)"
2015,17,"Dec 23, 2015",,Wed,Boise State,55,,Northern Illinois,7,,"Poinsettia Bowl (San Diego, CA)"
2015,17,"Dec 23, 2015",,Wed,Georgia Southern,58,,Bowling Green State,27,,"GoDaddy Bowl (Mobile, AL)"
2015,17,"Dec 24, 2015",,Thu,San Diego State,42,,Cincinnati,7,,"Hawaii Bowl (Honolulu, HI)"
2015,17,"Dec 24, 2015",,Thu,Western Michigan,45,,Middle Tennessee State,31,,"Popeyes Bahamas Bowl (Nassau, Bahamas)"
2015,17,"Dec 26, 2015",,Sat,Duke,44,,Indiana,41,,"Pinstripe Bowl (Bronx, New York)"
2015,17,"Dec 26, 2015",,Sat,Marshall,16,,Connecticut,10,,"St. Petersburg Bowl (St. Petersburg, FL)"
2015,17,"Dec 26, 2015",,Sat,Nebraska,37,,UCLA,29,,"Foster Farms Bowl (Santa Clara, CA)"
2015,17,"Dec 26, 2015",,Sat,Virginia Tech,55,,Tulsa,52,,"Independence Bowl (Shreveport, LA)"
2015,17,"Dec 26, 2015",,Sat,Washington,44,,Southern Mississippi,31,,"Heart of Dallas Bowl (Dallas, TX)"
2015,17,"Dec 26, 2015",,Sat,Washington State,20,,Miami (FL),14,,"Sun Bowl (El Paso, TX)"
2015,17,"Dec 28, 2015",,Mon,Minnesota,21,,Central Michigan,14,,"Quick Lane Bowl (Detroit, MI)"
2015,17,"Dec 28, 2015",,Mon,(21) Navy,44,,Pittsburgh,28,,"Military Bowl (Annapolis, MD)"
2015,18,"Dec 29, 2015",,Tue,(18) Baylor,49,,(10) North Carolina,38,,"Russell Athletic Bowl (Orlando, FL)"
2015,18,"Dec 29, 2015",,Tue,California,55,,Air Force,36,,"Armed Forces Bowl (Fort Worth, TX)"
2015,18,"Dec 29, 2015",,Tue,(22) Louisiana State,56,,Texas Tech,27,,"Texas Bowl (Houston, TX)"
2015,18,"Dec 29, 2015",,Tue,Nevada,28,,Colorado State,23,,Arizona Bowl
2015,18,"Dec 30, 2015",,Wed,Auburn,31,,Memphis,10,,"Birmingham Bowl (Birmingham, AL)"
2015,18,"Dec 30, 2015",,Wed,Louisville,27,,Texas A&M,21,,"Music City Bowl (Nashville, TN)"
2015,18,"Dec 30, 2015",,Wed,Mississippi State,51,,North Carolina State,28,,"Belk Bowl (Charlotte, NC)"
2015,18,"Dec 30, 2015",,Wed,(23) Wisconsin,23,,Southern California,21,,"Holiday Bowl (San Diego, CA)"
2015,18,"Dec 31, 2015",,Thu,(2) Alabama,38,,(3) Michigan State,0,,"Cotton Bowl (Arlington, TX)"
2015,18,"Dec 31, 2015",,Thu,(1) Clemson,37,,(4) Oklahoma,17,,"Orange Bowl (Miami Gardens, FL)"
2015,18,"Dec 31, 2015",,Thu,(14) Houston,38,,(9) Florida State,24,,"Peach Bowl (Atlanta, GA)"
2015,18,"Jan 1, 2016",,Fri,(17) Michigan,41,,(19) Florida,7,,"Citrus Bowl (Orlando, FL)"
2015,18,"Jan 1, 2016",,Fri,(16) Mississippi,48,,(13) Oklahoma State,20,,"Sugar Bowl (New Orleans, LA)"
2015,18,"Jan 1, 2016",,Fri,(7) Ohio State,44,,(8) Notre Dame,28,,"Fiesta Bowl (Glendale, AZ)"
2015,18,"Jan 1, 2016",,Fri,(5) Stanford,45,,(6) Iowa,16,,"Rose Bowl (Pasadena, CA)"
2015,18,"Jan 1, 2016",,Fri,Tennessee,45,,(12) Northwestern,6,,"Outback Bowl (Tampa, FL)"
2015,18,"Jan 2, 2016",,Sat,Arkansas,45,,Kansas State,23,,"Liberty Bowl (Memphis, TN)"
2015,18,"Jan 2, 2016",,Sat,Georgia,24,,Penn State,17,,"TaxSlayer Bowl (Jacksonville, FL)"
2015,18,"Jan 2, 2016",,Sat,(11) Texas Christian,47,,(15) Oregon,41,,"Alamo Bowl (San Antonio, TX)"
2015,18,"Jan 2, 2016",,Sat,West Virginia,43,,Arizona State,42,,"Cactus Bowl (Tempe, AZ)"
2015,19,"Jan 11, 2016",,Mon,(2) Alabama,45,,(1) Clemson,40,,"College Football Championship (Glendale, AZ)"
