,School,HTTP,From,To,Yrs,Overall_G,Overall_W,Overall_L,Overall_T,Overall_Pct,Bowls_G,Bowls_W,Bowls_L,Bowls_T,Bowls_Pct,SRS,SOS,AP,CC,Notes
0,Air Force,/cfb/schools/air-force/,1957,2018,62,704,383,325,12,.540,26,12,13,1,.481,1.03,-0.55,6,3,
1,Akron,/cfb/schools/akron/,1975,2018,33,381,150,228,3,.398,3,1,2,0,.500,-11.38,-7.08,0,1,
2,Alabama,/cfb/schools/alabama/,1902,2018,115,1209,916,302,42,.744,68,40,25,3,.598,13.45,4.12,55,26,record adjusted to 887-311-41 by NCAA
3,Alameda Coast Guard,/cfb/schools/alameda-coast-guard/,1943,1944,2,15,8,4,3,.633,0,0,0,0,,-0.16,-5.13,0,0,
4,Alcorn State,/cfb/schools/alcorn-state/,1977,1977,1,11,3,8,0,.273,0,0,0,0,,-17.10,-9.19,0,0,
5,Amarillo Field,/cfb/schools/amarillo-field/,1944,1944,1,8,5,3,0,.625,0,0,0,0,,5.10,-1.78,0,0,
6,Amherst,/cfb/schools/amherst/,1877,1906,25,239,108,110,21,.496,0,0,0,0,,-1.20,-0.20,0,0,
7,Appalachian State,/cfb/schools/appalachian-state/,1972,2018,15,171,94,72,5,.564,3,3,0,0,1.000,-3.17,-7.05,0,1,
8,Arizona,/cfb/schools/arizona/,1931,2018,85,919,486,421,23,.535,20,9,10,1,.500,1.73,0.59,8,6,
9,Arizona State,/cfb/schools/arizona-state/,1931,2018,85,922,567,350,18,.616,30,14,15,1,.500,3.56,-1.33,17,17,
10,Arkansas,/cfb/schools/arkansas/,1906,2018,113,1168,681,480,37,.584,42,15,24,3,.393,6.59,2.99,28,14,record adjusted to 682-479-37 by NCAA
11,Arkansas State,/cfb/schools/arkansas-state/,1974,2018,37,429,192,235,2,.450,8,3,5,0,.429,-9.24,-6.97,0,6,record adjusted to 182-235-2 by NCAA
12,Army,/cfb/schools/army/,1891,2018,125,1235,676,511,51,.567,7,5,2,0,.667,3.41,-0.16,14,0,
13,Auburn,/cfb/schools/auburn/,1902,2018,116,1188,740,430,43,.628,42,23,17,2,.585,8.78,4.39,39,8,record adjusted to 743-428-42 by NCAA
14,Ball State,/cfb/schools/ball-state/,1975,2018,44,504,246,257,4,.489,7,0,7,0,.000,-8.59,-7.66,0,5,
15,Bates,/cfb/schools/bates/,1901,1905,3,21,10,8,3,.548,0,0,0,0,,-1.85,-2.20,0,0,
16,Baylor,/cfb/schools/baylor/,1903,2018,113,1174,582,565,41,.507,23,12,11,0,.522,2.62,2.61,14,8,record adjusted to 582-565-40 by NCAA
17,Beloit,/cfb/schools/beloit/,1894,1905,9,85,39,36,10,.518,0,0,0,0,,-1.63,-1.71,0,0,
18,Birmingham-Southern,/cfb/schools/birmingham-southern/,1920,1924,4,36,16,17,3,.486,0,0,0,0,,-5.29,-4.68,0,0,
19,Boise State,/cfb/schools/boise-state/,1996,2018,23,291,228,65,0,.778,18,12,6,0,.647,5.97,-4.58,11,13,
20,Boston College,/cfb/schools/boston-college/,1901,2018,84,892,500,389,14,.561,26,14,12,0,.560,2.02,-0.04,14,1,
21,Boston University,/cfb/schools/boston-university/,1923,1964,20,170,73,90,7,.450,0,0,0,0,,-6.91,-4.99,1,0,
22,Bowdoin,/cfb/schools/bowdoin/,1896,1905,7,66,33,30,3,.523,0,0,0,0,,-3.11,-2.87,0,0,
23,Bowling Green State,/cfb/schools/bowling-green-state/,1962,2018,57,637,352,278,11,.558,12,5,7,0,.417,-4.82,-6.78,1,9,
24,Bradley,/cfb/schools/bradley/,1949,1951,3,29,14,15,0,.483,0,0,0,0,,-12.91,-12.75,0,0,
25,Brigham Young,/cfb/schools/brigham-young/,1922,2018,94,998,574,420,26,.575,35,14,20,1,.414,-1.03,-3.20,17,23,
26,Brown,/cfb/schools/brown/,1878,1981,93,857,431,392,35,.523,1,0,1,0,.000,-2.92,-3.57,0,1,
27,Bucknell,/cfb/schools/bucknell/,1888,1946,40,356,168,157,32,.515,1,1,0,0,1.000,-3.00,-2.93,0,0,
28,Buffalo,/cfb/schools/buffalo/,1962,2018,29,324,120,199,4,.378,2,0,2,0,.000,-11.42,-7.45,0,1,
29,Butler,/cfb/schools/butler/,1932,1933,2,15,4,10,1,.300,0,0,0,0,,-16.48,-10.26,0,0,
30,Cal State Fullerton,/cfb/schools/cal-state-fullerton/,1975,1992,18,204,76,127,2,.376,1,0,1,0,.000,-12.72,-7.22,0,2,record adjusted to 77-126-2 by NCAA
31,Cal State Los Angeles,/cfb/schools/cal-state-los-angeles/,1969,1971,3,29,3,26,0,.103,0,0,0,0,,-27.59,-9.75,0,0,
32,California,/cfb/schools/california/,1916,2018,103,1102,570,511,31,.527,22,11,10,1,.523,5.53,4.16,14,13,record adjusted to 567-510-31 by NCAA
33,California-Santa Barbara,/cfb/schools/california-santa-barbara/,1969,1971,3,32,11,21,0,.344,0,0,0,0,,-13.35,-7.22,0,0,
34,Camp Grant,/cfb/schools/camp-grant/,1943,1943,1,10,2,6,2,.300,0,0,0,0,,8.98,14.38,0,0,
35,Carlisle,/cfb/schools/carlisle/,1896,1917,21,252,165,77,10,.675,0,0,0,0,,8.12,0.81,0,0,
36,Carnegie Mellon,/cfb/schools/carnegie-mellon/,1910,1940,20,171,84,75,13,.526,1,0,1,0,.000,3.99,1.51,1,0,
37,Centenary (LA),/cfb/schools/centenary-la/,1930,1941,12,130,69,48,14,.580,1,0,0,1,.500,0.22,-1.79,0,0,
38,Central Michigan,/cfb/schools/central-michigan/,1975,2018,44,508,273,226,11,.546,11,3,8,0,.300,-6.90,-8.23,1,7,
39,Centre,/cfb/schools/centre/,1919,1935,8,71,51,20,3,.709,3,2,1,0,.667,9.14,-0.02,0,0,
40,Charlotte,/cfb/schools/charlotte/,2015,2018,4,47,11,36,0,.234,,,,0,,-15.12,-5.74,0,0,
41,Chattanooga,/cfb/schools/chattanooga/,1909,1981,22,218,105,100,13,.511,0,0,0,0,,-5.92,-6.18,0,3,
42,Chicago,/cfb/schools/chicago/,1892,1939,48,466,287,147,32,.650,0,0,0,0,,7.22,2.86,0,7,
43,Cincinnati,/cfb/schools/cincinnati/,1954,2018,65,725,350,364,12,.490,14,6,8,0,.429,-3.03,-2.47,4,8,
44,Citadel,/cfb/schools/citadel/,1909,1981,65,608,284,304,21,.484,1,1,0,0,1.000,-7.47,-6.72,0,1,
45,Clemson,/cfb/schools/clemson/,1902,2018,117,1208,720,452,44,.610,42,22,20,0,.537,5.34,1.65,31,19,
46,Coast Guard,/cfb/schools/coast-guard/,1944,1945,2,17,6,10,1,.382,0,0,0,0,,-4.68,-1.10,0,0,
47,Coastal Carolina,/cfb/schools/coastal-carolina/,2017,2018,2,23,8,15,0,.348,,,,,,-12.54,-5.42,0,0,
48,Coe,/cfb/schools/coe/,1905,1905,1,9,1,7,1,.167,0,0,0,0,,-18.57,-4.35,0,0,
49,Colby,/cfb/schools/colby/,1904,1904,1,7,2,4,1,.357,0,0,0,0,,-8.02,-1.16,0,0,
50,Colgate,/cfb/schools/colgate/,1905,1981,76,670,363,266,41,.572,0,0,0,0,,-0.87,-4.01,0,0,
51,Colorado,/cfb/schools/colorado/,1902,2018,117,1146,652,480,35,.574,29,12,17,0,.414,4.16,1.31,19,19,
52,Colorado College,/cfb/schools/colorado-college/,1902,1945,39,296,169,109,18,.601,0,0,0,0,,-1.35,-4.95,1,2,
53,Colorado Mines,/cfb/schools/colorado-mines/,1902,1937,36,239,98,128,13,.437,0,0,0,0,,-6.63,-4.64,0,3,
54,Colorado State,/cfb/schools/colorado-state/,1902,2018,111,1094,515,555,31,.482,17,6,11,0,.375,-3.80,-2.97,3,15,record adjusted to 516-554-31 by NCAA
55,Columbia,/cfb/schools/columbia/,1870,1981,84,698,282,382,35,.428,1,1,0,0,1.000,-4.59,-1.70,2,1,
56,Connecticut,/cfb/schools/connecticut/,1979,2018,20,240,101,137,2,.425,6,3,3,0,.500,-5.40,-2.56,0,2,
57,Cornell,/cfb/schools/cornell/,1888,1981,93,837,488,317,32,.602,0,0,0,0,,2.17,-2.21,5,1,
58,Cornell College,/cfb/schools/cornell-college/,1903,1903,1,9,1,8,0,.111,0,0,0,0,,-14.48,-2.14,0,0,
59,Creighton,/cfb/schools/creighton/,1927,1942,16,139,61,70,8,.468,0,0,0,0,,-6.26,-5.08,0,1,
60,Cumberland,/cfb/schools/cumberland/,1903,1905,2,13,7,5,1,.577,0,0,0,0,,5.07,-0.79,0,0,
61,Dartmouth,/cfb/schools/dartmouth/,1881,1981,93,795,502,258,35,.653,0,0,0,0,,3.47,-2.84,5,12,
62,Davidson,/cfb/schools/davidson/,1902,1973,66,600,248,312,40,.447,1,0,1,0,.000,-7.33,-5.96,0,1,
63,Dayton,/cfb/schools/dayton/,1956,1976,21,216,78,130,8,.380,0,0,0,0,,-13.09,-8.45,0,0,
64,Del Monte Pre-Flight,/cfb/schools/del-monte-pre-flight/,1943,1943,1,8,7,1,0,.875,0,0,0,0,,12.87,-6.25,1,0,
65,Denver,/cfb/schools/denver/,1902,1960,59,518,259,228,33,.530,2,0,2,0,.000,-4.12,-4.91,0,6,
66,Detroit Mercy,/cfb/schools/detroit-mercy/,1927,1964,36,338,196,132,10,.595,0,0,0,0,,0.21,-4.24,0,3,
67,Dickinson,/cfb/schools/dickinson/,1889,1910,18,173,84,79,10,.514,0,0,0,0,,-3.35,-3.71,0,0,
68,Drake,/cfb/schools/drake/,1900,1985,73,663,316,326,24,.492,3,2,1,0,.667,-5.64,-5.74,0,7,
69,Drury,/cfb/schools/drury/,1907,1907,1,5,1,4,0,.200,0,0,0,0,,-13.17,-3.97,0,0,
70,Duke,/cfb/schools/duke/,1922,2018,97,1023,489,513,28,.488,13,5,8,0,.333,2.84,2.82,17,17,
71,Duquesne,/cfb/schools/duquesne/,1933,1950,14,131,80,49,3,.617,1,1,0,0,1.000,1.04,-2.38,3,0,
72,East Carolina,/cfb/schools/east-carolina/,1965,2018,54,609,320,294,3,.521,16,7,9,0,.438,-2.56,-2.82,2,6,record adjusted to 321-293-3 by NCAA
73,East Tennessee State,/cfb/schools/east-tennessee-state/,1979,1981,3,33,15,18,0,.455,0,0,0,0,,-9.46,-8.43,0,0,
74,Eastern Michigan,/cfb/schools/eastern-michigan/,1975,2018,44,496,152,337,7,.314,2,1,1,0,.500,-14.98,-7.66,0,1,
75,Erskine,/cfb/schools/erskine/,1919,1936,5,39,12,27,0,.308,0,0,0,0,,-13.04,-5.98,0,0,
76,Florida,/cfb/schools/florida/,1904,2018,107,1119,695,414,37,.623,43,22,21,0,.512,8.53,4.22,31,9,
77,Florida A&M,/cfb/schools/florida-am/,2004,2004,1,11,3,8,0,.273,0,0,0,0,,-21.65,-12.38,0,0,
78,Florida Atlantic,/cfb/schools/florida-atlantic/,2004,2018,15,180,75,107,0,.412,3,3,0,0,1.000,-8.83,-4.81,0,2,
79,Florida International,/cfb/schools/florida-international/,2004,2018,15,179,65,114,0,.363,3,1,2,0,.500,-11.19,-6.29,0,1,
80,Florida State,/cfb/schools/florida-state/,1954,2018,65,742,519,235,16,.684,46,28,16,2,.622,11.33,4.01,33,15,record adjusted to 508-234-16 by NCAA
81,Fordham,/cfb/schools/fordham/,1909,1954,25,211,126,70,17,.631,2,1,1,0,.500,3.60,-1.08,6,0,
82,Fort Benning,/cfb/schools/fort-benning/,1922,1922,1,10,5,5,0,.500,0,0,0,0,,-6.13,-4.03,0,0,
83,Fort Riley,/cfb/schools/fort-riley/,1943,1943,1,9,6,2,1,.722,0,0,0,0,,10.37,1.81,0,0,
84,Fort Warren,/cfb/schools/fort-warren/,1944,1944,1,10,5,4,1,.550,0,0,0,0,,-4.13,-3.83,0,0,
85,Franklin & Marshall,/cfb/schools/franklin-marshall/,1889,1904,7,62,24,31,7,.444,0,0,0,0,,-6.68,-3.65,0,0,
86,Fresno State,/cfb/schools/fresno-state/,1969,2018,50,599,347,251,4,.580,22,10,12,0,.429,-1.77,-5.31,2,11,record adjusted to 348-250-4 by NCAA
87,Furman,/cfb/schools/furman/,1902,1981,61,605,297,280,28,.514,0,0,0,0,,-6.16,-6.16,0,3,
88,George Washington,/cfb/schools/george-washington/,1908,1966,33,298,138,147,14,.485,1,1,0,0,1.000,-4.59,-4.24,1,0,
89,Georgetown,/cfb/schools/georgetown/,1902,1950,36,311,184,110,19,.618,2,0,2,0,.000,2.75,-2.44,1,0,
90,Georgia,/cfb/schools/georgia/,1902,2018,115,1204,792,398,50,.659,54,31,20,3,.606,10.09,4.70,36,13,
91,Georgia Pre-Flight,/cfb/schools/georgia-pre-flight/,1942,1943,2,15,12,2,1,.833,0,0,0,0,,11.14,2.27,0,0,
92,Georgia Southern,/cfb/schools/georgia-southern/,2014,2018,5,60,33,27,0,.550,1,1,0,0,1.000,-2.22,-5.30,0,1,
93,Georgia State,/cfb/schools/georgia-state/,2013,2018,6,72,19,53,0,.264,2,1,1,0,.000,-13.65,-5.22,0,0,
94,Georgia Tech,/cfb/schools/georgia-tech/,1902,2018,117,1222,729,479,40,.600,44,25,19,0,.568,8.74,4.54,25,8,record adjusted to 728-479-40 by NCAA
95,Gonzaga,/cfb/schools/gonzaga/,1922,1941,16,140,67,63,11,.514,1,0,1,0,.000,-2.55,-4.15,0,0,
96,Grambling State,/cfb/schools/grambling-state/,1977,1977,1,11,10,1,0,.909,0,0,0,0,,6.73,-10.00,0,1,
97,Great Lakes Navy,/cfb/schools/great-lakes-navy/,1918,1945,5,54,39,11,5,.755,1,1,0,0,1.000,16.37,6.95,2,0,
98,Grinnell,/cfb/schools/grinnell/,1899,1936,26,218,90,110,18,.454,0,0,0,0,,-6.97,-4.74,0,0,
99,Hamilton,/cfb/schools/hamilton/,1907,1907,1,5,1,4,0,.200,0,0,0,0,,-10.59,3.81,0,0,
100,Hampden-Sydney,/cfb/schools/hampden-sydney/,1922,1940,5,44,14,29,1,.330,0,0,0,0,,-12.35,-6.01,0,0,
101,Hardin-Simmons,/cfb/schools/hardin-simmons/,1939,1962,21,212,113,96,9,.539,6,4,2,0,.667,-5.41,-6.96,1,3,
102,Harvard,/cfb/schools/harvard/,1875,1981,103,931,631,259,42,.700,1,1,0,0,1.000,4.20,-2.12,0,5,
103,Haskell,/cfb/schools/haskell/,1902,1916,12,110,57,49,4,.536,0,0,0,0,,-1.95,-2.36,0,0,
104,Haverford,/cfb/schools/haverford/,1891,1891,1,6,0,6,0,.000,0,0,0,0,,-23.89,-1.73,0,0,
105,Hawaii,/cfb/schools/hawaii/,1971,2018,46,558,281,274,6,.506,11,6,5,0,.545,-3.55,-3.30,2,4,
106,Holy Cross,/cfb/schools/holy-cross/,1899,1981,53,523,264,233,27,.530,1,0,1,0,.000,-3.00,-4.37,5,0,
107,Houston,/cfb/schools/houston/,1949,2018,70,775,429,344,15,.554,26,11,14,1,.460,3.29,1.12,14,11,record adjusted to 429-344-14 by NCAA
108,Idaho,/cfb/schools/idaho/,1917,2017,75,738,261,461,16,.364,3,3,0,0,1.000,-8.52,-3.61,0,1,
109,Idaho State,/cfb/schools/idaho-state/,1944,1944,1,9,4,5,0,.444,0,0,0,0,,-11.65,-7.09,0,0,
110,Illinois,/cfb/schools/illinois/,1892,2018,127,1226,596,591,49,.502,18,8,10,0,.444,6.07,5.27,13,15,
111,Illinois State,/cfb/schools/illinois-state/,1975,1985,11,119,41,73,5,.366,0,0,0,0,,-15.36,-11.09,0,0,
112,Indiana,/cfb/schools/indiana/,1899,2018,120,1151,459,655,38,.415,11,3,8,0,.273,1.96,4.55,5,2,record adjusted to 460-654-38 by NCAA
113,Indiana State,/cfb/schools/indiana-state/,1975,1985,11,120,60,59,1,.504,0,0,0,0,,-10.06,-9.71,0,0,
114,Iowa,/cfb/schools/iowa/,1899,2018,120,1172,617,530,34,.537,31,15,15,1,.483,6.66,5.17,22,11,record adjusted to 618-529-34 by NCAA
115,Iowa Pre-Flight,/cfb/schools/iowa-pre-flight/,1942,1944,3,31,26,5,0,.839,0,0,0,0,,18.05,5.72,2,0,
116,Iowa State,/cfb/schools/iowa-state/,1895,2018,121,1191,509,641,45,.445,13,4,9,0,.250,-0.03,1.33,2,2,record adjusted to 510-640-45 by NCAA
117,Jackson State,/cfb/schools/jackson-state/,1977,1977,1,11,8,3,0,.727,0,0,0,0,,-1.31,-10.40,0,0,
118,Jacksonville Naval Air Station,/cfb/schools/jacksonville-naval-air-station/,1942,1942,1,12,9,3,0,.750,0,0,0,0,,6.46,-3.13,0,0,
119,Kansas,/cfb/schools/kansas/,1901,2018,118,1190,527,616,54,.463,12,6,6,0,.500,1.06,2.37,7,5,
120,Kansas State,/cfb/schools/kansas-state/,1912,2018,107,1095,471,599,35,.442,21,9,12,0,.400,-0.49,1.88,13,3,record adjusted to 472-599-34 by NCAA
121,Kent State,/cfb/schools/kent-state/,1962,2018,57,633,203,424,5,.325,2,0,2,0,.000,-12.94,-6.89,0,1,
122,Kentucky,/cfb/schools/kentucky/,1915,2018,103,1067,489,552,36,.471,17,8,9,0,.500,3.76,4.02,8,2,record adjusted to 490-551-36 by NCAA
123,Knox,/cfb/schools/knox/,1899,1905,5,52,27,23,2,.538,0,0,0,0,,-1.90,-3.67,0,0,
124,Lafayette,/cfb/schools/lafayette/,1882,1946,47,440,256,160,24,.609,0,0,0,0,,1.01,-2.59,0,0,
125,Lake Forest,/cfb/schools/lake-forest/,1893,1899,5,47,17,24,6,.426,0,0,0,0,,-7.97,-3.29,0,0,
126,Lamar,/cfb/schools/lamar/,1973,1981,9,97,33,60,4,.361,0,0,0,0,,-12.77,-7.68,0,0,
127,Lawrence,/cfb/schools/lawrence/,1905,1905,1,10,7,3,0,.700,0,0,0,0,,3.09,-1.91,0,0,
128,Lehigh,/cfb/schools/lehigh/,1884,1965,43,412,195,197,20,.498,0,0,0,0,,-3.05,-2.51,0,0,
129,Liberty,/cfb/schools/liberty/,2018,2018,1,10,4,6,0,.400,,,,,,-9.85,-3.75,0,0,
130,Lombard,/cfb/schools/lombard/,1903,1903,1,8,5,3,0,.625,0,0,0,0,,-2.35,-2.72,0,0,
131,Long Beach State,/cfb/schools/long-beach-state/,1969,1991,23,256,129,126,2,.506,1,0,0,1,.500,-7.67,-7.16,0,3,record adjusted to 130-125-2 by NCAA
132,Louisiana,/cfb/schools/louisiana-lafayette/,1973,2018,46,524,225,294,5,.434,5,4,1,0,.800,-9.53,-6.14,0,5,record adjusted to 226-293-5 by NCAA
133,Louisiana Tech,/cfb/schools/louisiana-tech/,1975,2018,38,441,228,210,7,.520,10,6,3,1,.611,-3.87,-4.64,0,4,record adjusted to 229-209-7 by NCAA
134,Louisiana-Monroe,/cfb/schools/louisiana-monroe/,1975,2018,32,369,134,233,2,.366,1,0,1,0,.000,-11.54,-5.79,0,1,
135,Louisville,/cfb/schools/louisville/,1962,2018,57,646,349,297,7,.540,21,9,11,1,.475,-0.99,-2.09,11,8,record adjusted to 351-295-7 by NCAA
136,Loyola (LA),/cfb/schools/loyola-la/,1934,1936,3,28,10,17,1,.375,0,0,0,0,,-6.61,-3.13,0,0,
137,Loyola Marymount,/cfb/schools/loyola-marymount/,1933,1951,13,127,66,57,4,.535,0,0,0,0,,-2.09,-4.02,0,0,
138,LSU,/cfb/schools/louisiana-state/,1902,2018,114,1183,766,401,47,.650,49,25,23,1,.531,9.82,4.40,40,11,record adjusted to 768-399-47 by NCAA
139,Lubbock Field,/cfb/schools/lubbock-field/,1944,1944,1,9,5,4,0,.556,0,0,0,0,,-1.45,-3.01,0,0,
140,Maine,/cfb/schools/maine/,1904,1905,2,16,8,7,1,.531,0,0,0,0,,-1.90,-2.21,0,0,
141,Manhattan,/cfb/schools/manhattan/,1936,1942,7,63,30,31,2,.492,0,0,0,0,,-0.84,0.07,0,0,
142,March Field,/cfb/schools/march-field/,1943,1944,2,21,16,3,2,.810,0,0,0,0,,5.33,-5.69,2,0,
143,Mare Island Marines,/cfb/schools/mare-island-marines/,1917,1918,2,17,18,1,0,.947,2,1,1,0,.500,13.72,-5.57,0,0,
144,Marquette,/cfb/schools/marquette/,1927,1960,34,305,131,160,15,.453,1,0,1,0,.000,-0.76,0.34,1,0,
145,Marshall,/cfb/schools/marshall/,1962,2018,42,480,222,258,3,.463,13,11,2,0,.833,-8.77,-6.29,3,6,
146,Maryland,/cfb/schools/maryland/,1917,2018,102,1075,557,505,30,.524,27,11,14,2,.444,2.46,1.72,18,11,
147,Maryville (TN),/cfb/schools/maryville-tn/,1906,1907,2,13,3,8,2,.308,0,0,0,0,,-9.89,0.71,0,0,
148,Massachusetts,/cfb/schools/massachusetts/,1882,2018,21,200,65,129,6,.340,0,0,0,0,,-9.13,-3.84,0,0,
149,McNeese State,/cfb/schools/mcneese-state/,1975,1981,7,79,57,21,2,.725,3,1,2,0,.333,-1.17,-7.87,0,3,
150,Memphis,/cfb/schools/memphis/,1960,2018,59,657,313,336,8,.482,10,4,6,0,.444,-1.28,-1.64,2,4,record adjusted to 314-335-8 by NCAA
151,Mercer,/cfb/schools/mercer/,1909,1936,15,138,56,73,9,.438,0,0,0,0,,-3.92,-2.03,0,0,
152,Merchant Marine,/cfb/schools/merchant-marine/,1945,1947,3,30,11,19,0,.367,0,0,0,0,,-13.91,-8.35,0,0,
153,Miami (FL),/cfb/schools/miami-fl/,1936,2018,82,893,580,324,12,.640,38,19,19,0,.514,8.99,3.68,32,9,
154,Miami (OH),/cfb/schools/miami-oh/,1962,2018,57,641,350,278,15,.556,9,5,4,0,.556,-4.01,-6.26,4,9,record adjusted to 351-277-15 by NCAA
155,Michigan,/cfb/schools/michigan/,1881,2018,129,1283,927,332,35,.730,46,21,25,0,.467,13.78,5.04,59,42,
156,Michigan State,/cfb/schools/michigan-state/,1918,2018,94,980,577,376,30,.602,27,12,15,0,.423,9.29,4.84,27,9,record adjusted to 572-381-30 by NCAA
157,Middle Tennessee State,/cfb/schools/middle-tennessee-state/,1999,2018,20,241,120,121,0,.498,7,2,5,0,.167,-6.48,-6.12,0,2,
158,Millsaps,/cfb/schools/millsaps/,1924,1924,1,9,3,5,1,.389,0,0,0,0,,-10.12,-7.78,0,0,
159,Minnesota,/cfb/schools/minnesota/,1892,2018,127,1227,677,513,42,.567,19,7,12,0,.368,8.23,4.94,14,18,
160,Mississippi College,/cfb/schools/mississippi-college/,1911,1924,10,81,38,37,6,.506,0,0,0,0,,-3.35,-2.44,0,0,
161,Mississippi State,/cfb/schools/mississippi-state/,1902,2018,114,1144,571,547,37,.510,21,13,8,0,.600,3.35,2.92,14,1,record adjusted to 554-565-36 by NCAA
162,Mississippi Valley State,/cfb/schools/mississippi-valley-state/,1977,1977,1,10,5,5,0,.500,0,0,0,0,,-11.39,-10.79,0,0,
163,Missouri,/cfb/schools/missouri/,1901,2018,117,1187,628,530,50,.541,32,15,17,0,.484,4.81,3.17,19,12,record adjusted to 630-528-50 by NCAA
164,MIT,/cfb/schools/mit/,1882,1899,12,77,27,48,2,.364,0,0,0,0,,-5.20,0.64,0,0,
165,Montana,/cfb/schools/montana/,1917,1962,38,332,123,199,10,.386,0,0,0,0,,-8.86,-4.60,0,0,
166,Montana State,/cfb/schools/montana-state/,1923,1947,17,139,65,66,9,.496,1,0,0,1,.500,-7.34,-6.98,0,2,
167,Nashville,/cfb/schools/nashville/,1904,1904,1,9,1,7,1,.167,0,0,0,0,,-11.26,-0.71,0,0,
168,Navy,/cfb/schools/navy/,1891,2018,125,1270,678,547,52,.551,23,11,11,1,.477,4.02,1.41,13,0,
169,Nebraska,/cfb/schools/nebraska/,1900,2018,119,1233,862,362,38,.698,53,26,27,0,.491,10.84,3.71,48,43,record adjusted to 863-362-37 by NCAA
170,Nevada,/cfb/schools/nevada/,1946,2018,32,373,205,173,0,.542,15,5,10,0,.333,-3.73,-5.71,1,7,
171,Nevada-Las Vegas,/cfb/schools/nevada-las-vegas/,1978,2018,41,475,178,296,3,.376,4,3,1,0,.750,-9.34,-4.07,0,1,record adjusted to 167-307-3 by NCAA
172,New Hampshire,/cfb/schools/new-hampshire/,1904,1905,2,15,4,9,2,.333,0,0,0,0,,-11.44,-5.52,0,0,
173,New Mexico,/cfb/schools/new-mexico/,1931,2018,87,942,398,533,17,.429,12,4,7,1,.375,-6.58,-4.04,0,4,
174,New Mexico State,/cfb/schools/new-mexico-state/,1931,2018,85,903,314,578,14,.354,4,3,0,1,.833,-13.10,-7.71,1,4,record adjusted to 315-577-14 by NCAA
175,New York University,/cfb/schools/new-york-university/,1927,1952,24,205,97,99,9,.495,0,0,0,0,,-4.24,-3.23,0,0,
176,Newberry,/cfb/schools/newberry/,1914,1925,11,86,34,48,4,.419,0,0,0,0,,-9.95,-5.22,0,0,
177,Norman Naval Air Station,/cfb/schools/norman-naval-air-station/,1944,1944,1,6,6,0,0,1.000,0,0,0,0,,18.01,3.51,1,0,
178,North Carolina,/cfb/schools/north-carolina/,1902,2018,115,1188,647,513,48,.555,33,14,19,0,.424,4.68,2.87,16,7,record adjusted to 631-513-48 by NCAA
179,North Carolina Pre-Flight,/cfb/schools/north-carolina-pre-flight/,1942,1943,2,18,10,6,2,.611,0,0,0,0,,3.20,2.00,0,0,
180,North Carolina State,/cfb/schools/north-carolina-state/,1902,2018,113,1155,574,554,46,.509,31,17,13,1,.550,1.64,1.34,13,7,
181,North Texas,/cfb/schools/north-texas/,1953,2018,54,594,257,329,11,.440,8,2,6,0,.286,-7.87,-5.14,0,9,record adjusted to 260-326-11 by NCAA
182,Northern Arizona,/cfb/schools/northern-arizona/,1931,1952,19,152,49,91,12,.362,0,0,0,0,,-17.76,-11.75,0,0,
183,Northern Colorado,/cfb/schools/northern-colorado/,1923,1937,15,115,51,57,7,.474,0,0,0,0,,-10.73,-9.63,0,1,
184,Northern Illinois,/cfb/schools/northern-illinois/,1968,2018,51,590,288,299,4,.491,12,4,8,0,.364,-8.14,-7.20,1,4,
185,Northwestern,/cfb/schools/northwestern/,1892,2018,125,1230,533,658,40,.449,14,4,10,0,.231,2.95,5.46,11,8,record adjusted to 534-657-40 by NCAA
186,Northwestern State,/cfb/schools/northwestern-state/,1976,1979,4,41,19,22,0,.463,0,0,0,0,,-12.36,-8.13,0,0,
187,Notre Dame,/cfb/schools/notre-dame/,1899,2018,112,1158,840,309,33,.725,36,18,18,0,.486,14.76,6.14,53,0,record adjusted to 819-309-33 by NCAA
188,Oglethorpe,/cfb/schools/oglethorpe/,1919,1925,7,69,31,35,3,.471,0,0,0,0,,-3.68,-1.98,0,0,
189,Ohio,/cfb/schools/ohio/,1962,2018,57,643,279,357,9,.440,11,3,8,0,.200,-8.92,-6.66,1,3,
190,Ohio State,/cfb/schools/ohio-state/,1904,2018,107,1091,800,258,36,.748,49,24,25,0,.479,14.94,5.90,57,37,record adjusted to 788-257-36 by NCAA
191,Oklahoma,/cfb/schools/oklahoma/,1903,2018,110,1168,841,304,47,.725,51,29,21,1,.590,12.32,3.53,57,45,
192,Oklahoma State,/cfb/schools/oklahoma-state/,1914,2018,105,1106,558,514,41,.520,28,18,10,0,.630,2.45,1.86,14,10,
193,Old Dominion,/cfb/schools/old-dominion/,2014,2018,5,60,30,30,0,.500,1,1,0,0,1.000,-9.02,-5.78,0,0,
194,Ole Miss,/cfb/schools/mississippi/,1902,2018,113,1155,641,504,34,.558,37,24,13,0,.649,4.80,2.74,25,6,record adjusted to 645-500-34 by NCAA
195,Oregon,/cfb/schools/oregon/,1916,2018,101,1061,577,455,34,.557,31,13,18,0,.433,5.38,3.35,16,11,record adjusted to 578-454-34 by NCAA
196,Oregon State,/cfb/schools/oregon-state/,1916,2018,101,1057,460,563,36,.451,15,9,6,0,.600,1.70,3.64,10,5,record adjusted to 462-561-36 by NCAA
197,Pacific,/cfb/schools/pacific/,1943,1995,47,496,209,280,9,.429,2,1,1,0,.500,-7.80,-5.74,1,0,record adjusted to 210-279-9 by NCAA
198,Penn State,/cfb/schools/penn-state/,1889,2018,125,1247,864,382,37,.688,48,29,17,2,.617,9.12,2.20,42,4,
199,Pennsylvania,/cfb/schools/pennsylvania/,1876,1981,105,1026,618,369,40,.621,1,0,1,0,.000,3.31,-0.44,7,1,
200,Phillips,/cfb/schools/phillips/,1920,1921,2,19,7,8,4,.474,0,0,0,0,,-6.92,-5.01,0,0,
201,Pitt,/cfb/schools/pittsburgh/,1905,2018,114,1179,675,479,37,.582,33,13,20,0,.394,7.32,4.25,19,2,record adjusted to 676-478-37 by NCAA
202,Portland,/cfb/schools/portland/,1946,1947,2,19,3,15,1,.184,0,0,0,0,,-21.01,-10.83,0,0,
203,Prairie View A&M,/cfb/schools/prairie-view-am/,1977,1977,1,11,3,8,0,.273,0,0,0,0,,-19.35,-10.35,0,0,
204,Presbyterian,/cfb/schools/presbyterian/,1915,1945,16,127,58,63,6,.480,0,0,0,0,,-5.56,-4.99,0,0,
205,Princeton,/cfb/schools/princeton/,1869,1981,109,918,637,233,48,.720,0,0,0,0,,6.01,-1.32,4,5,
206,Purdue,/cfb/schools/purdue/,1892,2018,127,1210,602,562,48,.517,18,10,8,0,.529,5.68,4.54,17,8,record adjusted to 603-561-48 by NCAA
207,Quantico Marines,/cfb/schools/quantico-marines/,1965,1965,1,10,6,4,0,.600,0,0,0,0,,-6.22,-12.12,0,0,
208,Randolph Field,/cfb/schools/randolph-field/,1944,1944,1,12,12,0,0,1.000,0,0,0,0,,16.14,-5.11,1,0,
209,Regis (CO),/cfb/schools/regis-co/,1924,1930,3,25,9,16,0,.360,0,0,0,0,,-12.84,-8.99,0,0,
210,Rhodes,/cfb/schools/rhodes/,1939,1939,1,9,3,5,1,.389,0,0,0,0,,-5.39,-2.50,0,0,
211,Rice,/cfb/schools/rice/,1914,2018,105,1103,463,616,32,.431,12,7,5,0,.583,-0.24,2.60,8,8,record adjusted to 464-615-32 by NCAA
212,Richmond,/cfb/schools/richmond/,1909,1983,58,563,233,305,27,.436,2,1,1,0,.500,-8.46,-6.07,0,4,
213,Rutgers,/cfb/schools/rutgers/,1869,2018,104,977,478,477,22,.501,10,6,4,0,.600,-3.11,-2.97,4,1,record adjusted to 479-476-22 by NCAA
214,Saint Louis,/cfb/schools/saint-louis/,1907,1949,18,173,82,78,13,.512,0,0,0,0,,-6.36,-6.99,0,0,
215,Saint Mary's (CA),/cfb/schools/saint-marys-ca/,1930,1950,20,179,101,70,11,.585,3,1,2,0,.333,2.63,0.03,1,0,
216,Saint Mary's (CA) Pre-Flight,/cfb/schools/saint-marys-ca-pre-flight/,1942,1944,3,26,13,11,2,.538,0,0,0,0,,2.43,-1.77,1,0,
217,Samford,/cfb/schools/samford/,1907,1924,11,95,27,57,11,.342,0,0,0,0,,-8.87,-2.41,0,0,
218,San Diego State,/cfb/schools/san-diego-state/,1969,2018,50,586,323,259,8,.554,12,5,7,0,.455,0.04,-1.80,2,9,record adjusted to 324-258-8 by NCAA
219,San Francisco,/cfb/schools/san-francisco/,1932,1951,18,163,77,76,10,.503,0,0,0,0,,-0.90,-2.32,1,0,
220,San Jose State,/cfb/schools/san-jose-state/,1950,2018,69,763,333,417,14,.445,8,5,3,0,.625,-5.73,-3.46,1,8,record adjusted to 334-416-14 by NCAA
221,Santa Clara,/cfb/schools/santa-clara/,1932,1952,18,160,98,54,11,.635,3,3,0,0,1.000,6.34,2.58,6,0,
222,Second Air Force,/cfb/schools/second-air-force/,1944,1944,1,15,10,4,1,.700,0,0,0,0,,12.44,-1.42,1,0,
223,Sewanee,/cfb/schools/sewanee/,1902,1941,40,339,161,155,23,.509,0,0,0,0,,0.46,0.18,0,0,
224,Simpson,/cfb/schools/simpson/,1902,1903,2,10,3,7,0,.300,0,0,0,0,,-5.53,1.87,0,0,
225,SMU,/cfb/schools/southern-methodist/,1916,2018,101,1075,491,541,54,.477,16,7,8,1,.500,1.99,2.74,11,10,record adjusted to 487-535-54 by NCAA
226,South Alabama,/cfb/schools/south-alabama/,2012,2018,7,86,31,55,0,.360,2,0,2,0,.000,-9.80,-4.58,0,0,
227,South Carolina,/cfb/schools/south-carolina/,1903,2018,111,1156,574,544,41,.513,22,9,13,0,.381,2.17,1.71,9,1,record adjusted to 575-543-41 by NCAA
228,South Florida,/cfb/schools/south-florida/,2000,2018,19,229,133,96,0,.581,9,6,3,0,.625,0.65,-2.27,2,0,
229,Southern,/cfb/schools/southern/,1977,1977,1,11,3,7,1,.318,0,0,0,0,,-15.39,-9.12,0,0,
230,Southern Illinois,/cfb/schools/southern-illinois/,1972,1985,14,156,68,85,3,.446,0,0,0,0,,-11.97,-9.54,0,0,
231,Southern Mississippi,/cfb/schools/southern-mississippi/,1963,2018,56,636,356,281,6,.558,21,11,10,0,.550,0.37,-1.76,3,5,record adjusted to 359-278-6 by NCAA
232,Southwestern (TX),/cfb/schools/southwestern-tx/,1910,1921,12,78,23,49,6,.333,0,0,0,0,,-7.04,-1.44,0,0,
233,Spring Hill,/cfb/schools/spring-hill/,1919,1922,3,23,11,11,1,.500,0,0,0,0,,-3.17,-2.11,0,0,
234,Springfield,/cfb/schools/springfield/,1891,1892,2,21,9,11,1,.452,0,0,0,0,,-0.79,0.43,0,0,
235,Stanford,/cfb/schools/stanford/,1918,2018,98,1037,576,442,34,.564,28,14,13,1,.537,6.96,4.95,20,14,
236,Stevens,/cfb/schools/stevens/,1872,1891,19,123,36,74,13,.346,0,0,0,0,,-4.24,-0.35,0,0,
237,Swarthmore,/cfb/schools/swarthmore/,1888,1912,8,65,40,24,1,.623,0,0,0,0,,3.32,-1.34,0,0,
238,Syracuse,/cfb/schools/syracuse/,1899,2018,117,1184,672,490,41,.576,25,15,9,1,.620,4.37,1.27,15,5,record adjusted to 661-490-41 by NCAA
239,Tampa,/cfb/schools/tampa/,1966,1974,7,72,43,30,0,.589,1,1,0,0,1.000,-3.53,-7.13,0,0,
240,Temple,/cfb/schools/temple/,1930,2018,71,750,321,405,26,.444,7,3,4,0,.333,-2.76,-0.84,1,1,record adjusted to 316-410-26 by NCAA
241,Tennessee,/cfb/schools/tennessee/,1902,2018,114,1197,813,371,51,.679,52,28,24,0,.538,10.12,3.54,44,13,record adjusted to 814-371-50 by NCAA
242,Tennessee Medical College,/cfb/schools/tennessee-medical-college/,1904,1904,1,6,2,4,0,.333,0,0,0,0,,-13.94,-2.60,0,0,
243,Tennessee State,/cfb/schools/tennessee-state/,1977,1977,1,10,8,1,1,.850,0,0,0,0,,3.58,-8.72,0,0,
244,Texas,/cfb/schools/texas/,1902,2018,117,1206,855,359,32,.699,54,28,24,2,.528,11.83,4.07,46,30,record adjusted to 856-359-31 by NCAA
245,Texas A&M,/cfb/schools/texas-am/,1903,2018,116,1204,717,468,44,.601,39,17,22,0,.447,7.83,3.24,26,18,
246,Texas Christian,/cfb/schools/texas-christian/,1903,2018,113,1190,628,527,50,.542,33,16,16,1,.484,2.70,1.72,20,17,record adjusted to 628-526-50 by NCAA
247,Texas Southern,/cfb/schools/texas-southern/,1977,1977,1,11,6,4,1,.591,0,0,0,0,,-5.98,-9.98,0,0,
248,Texas State,/cfb/schools/texas-state/,2012,2018,7,83,27,56,0,.325,0,0,0,0,,-13.04,-6.45,0,0,
249,Texas Tech,/cfb/schools/texas-tech/,1932,2018,87,960,536,423,24,.557,38,14,23,1,.392,4.06,1.94,11,11,
250,Texas-Arlington,/cfb/schools/texas-arlington/,1971,1981,11,120,49,71,0,.408,0,0,0,0,,-9.71,-6.19,0,1,
251,Toledo,/cfb/schools/toledo/,1962,2018,57,647,382,262,8,.592,17,10,7,0,.625,-4.45,-7.30,4,11,record adjusted to 384-260-8 by NCAA
252,Trinity (CT),/cfb/schools/trinity-ct/,1887,1901,15,126,50,62,14,.452,0,0,0,0,,-4.52,-2.66,0,0,
253,Troy,/cfb/schools/troy/,2001,2018,18,219,120,99,0,.548,7,4,3,0,.500,-4.04,-5.44,0,6,
254,Tufts,/cfb/schools/tufts/,1877,1905,17,178,70,103,5,.407,0,0,0,0,,-6.22,-2.65,0,0,
255,Tulane,/cfb/schools/tulane/,1902,2018,114,1152,500,624,35,.447,11,4,7,0,.364,0.25,1.89,7,4,record adjusted to 501-623-35 by NCAA
256,Tulsa,/cfb/schools/tulsa/,1917,2018,87,941,484,449,18,.518,21,10,11,0,.476,-1.47,-2.32,8,27,
257,UAB,/cfb/schools/alabama-birmingham/,1996,2018,21,245,103,142,0,.420,2,0,2,0,.000,-7.15,-4.33,0,0,
258,UCF,/cfb/schools/central-florida/,1996,2018,23,279,156,123,0,.559,9,4,5,0,.375,-1.05,-3.91,3,5,
259,UCLA,/cfb/schools/ucla/,1928,2018,91,991,583,383,31,.600,36,16,19,1,.471,9.30,5.83,32,16,record adjusted to 576-390-31 by NCAA
260,Union (NY),/cfb/schools/union-ny/,1894,1902,3,18,3,15,0,.167,0,0,0,0,,-10.45,3.85,0,0,
261,USC,/cfb/schools/southern-california/,1922,2018,97,1089,755,304,40,.705,54,35,19,0,.660,14.16,6.42,49,38,record adjusted to 741-304-40 by NCAA
262,Utah,/cfb/schools/utah/,1905,2018,112,1107,645,439,30,.592,21,17,4,0,.800,2.10,-1.94,8,24,
263,Utah State,/cfb/schools/utah-state/,1912,2018,104,1042,506,513,28,.497,11,4,7,0,.400,-4.81,-4.93,2,12,record adjusted to 508-511-28 by NCAA
264,UTEP,/cfb/schools/texas-el-paso/,1935,2018,81,877,325,542,18,.377,14,5,9,0,.357,-9.24,-4.97,0,2,
265,UTSA,/cfb/schools/texas-san-antonio/,2012,2018,7,83,37,46,0,.446,1,0,1,0,.000,-8.61,-5.84,0,0,
266,Vanderbilt,/cfb/schools/vanderbilt/,1902,2018,115,1179,543,596,43,.478,8,4,3,1,.563,3.84,3.51,3,0,record adjusted to 544-595-43 by NCAA
267,Vermont,/cfb/schools/vermont/,1901,1905,5,48,21,22,5,.490,0,0,0,0,,-3.55,-1.61,0,0,
268,Villanova,/cfb/schools/villanova/,1905,1980,59,542,270,260,17,.509,5,2,2,1,.500,-2.26,-3.09,3,0,
269,Virginia,/cfb/schools/virginia/,1890,2018,115,1178,575,578,37,.499,19,7,12,0,.389,1.15,0.54,9,2,
270,Virginia Military Institute,/cfb/schools/virginia-military-institute/,1904,1981,70,684,306,344,34,.472,0,0,0,0,,-5.32,-4.07,1,7,
271,Virginia Tech,/cfb/schools/virginia-tech/,1902,2018,115,1191,706,455,44,.604,31,13,18,0,.433,3.21,-1.03,20,8,record adjusted to 707-454-44 by NCAA
272,Wabash,/cfb/schools/wabash/,1904,1905,2,17,8,9,0,.471,0,0,0,0,,3.10,0.32,0,0,
273,Wake Forest,/cfb/schools/wake-forest/,1908,2018,111,1126,445,655,31,.407,12,8,4,0,.636,-2.67,0.82,4,2,
274,Washburn,/cfb/schools/washburn/,1905,1940,7,68,29,38,1,.434,0,0,0,0,,-11.77,-8.80,0,0,
275,Washington,/cfb/schools/washington/,1916,2018,102,1052,627,420,32,.596,36,17,18,1,.500,8.13,4.43,24,18,record adjusted to 630-417-32 by NCAA
276,Washington & Jefferson,/cfb/schools/washington-jefferson/,1905,1934,30,287,196,71,21,.717,1,0,0,1,.500,4.76,-2.83,0,0,
277,Washington & Lee,/cfb/schools/washington-lee/,1907,1953,44,389,191,174,25,.522,1,0,1,0,.000,-0.76,-1.91,1,2,
278,Washington (MO),/cfb/schools/washington-mo/,1902,1942,40,331,147,165,19,.473,0,0,0,0,,-5.21,-4.30,0,3,
279,Washington State,/cfb/schools/washington-state/,1917,2018,99,1027,472,519,38,.477,13,6,7,0,.500,2.60,3.34,11,4,record adjusted to 474-517-38 by NCAA
280,Wesleyan (CT),/cfb/schools/wesleyan-ct/,1882,1905,24,217,92,118,7,.440,0,0,0,0,,0.37,3.72,0,0,
281,West Texas A&M,/cfb/schools/west-texas-am/,1941,1985,44,443,212,225,9,.485,4,4,0,0,1.000,-8.65,-8.69,0,4,
282,West Virginia,/cfb/schools/west-virginia/,1909,2018,106,1130,662,436,41,.599,36,15,21,0,.429,4.05,0.36,19,15,
283,West Virginia Wesleyan,/cfb/schools/west-virginia-wesleyan/,1913,1916,4,33,16,16,1,.500,0,0,0,0,,-1.55,-1.37,0,0,
284,Western Carolina,/cfb/schools/western-carolina/,1977,1981,5,55,25,28,2,.473,0,0,0,0,,-8.00,-8.33,0,0,
285,Western Kentucky,/cfb/schools/western-kentucky/,2007,2018,12,150,72,78,0,.480,5,3,2,0,.750,-5.79,-5.62,1,2,
286,Western Michigan,/cfb/schools/western-michigan/,1962,2018,57,635,330,299,7,.524,7,1,6,0,.143,-6.73,-7.59,1,3,record adjusted to 331-298-7 by NCAA
287,Western State,/cfb/schools/western-state/,1924,1937,14,95,19,76,0,.200,0,0,0,0,,-20.15,-8.96,0,0,
288,Whitman,/cfb/schools/whitman/,1923,1924,2,12,2,10,0,.167,0,0,0,0,,-13.95,1.72,0,0,
289,Wichita State,/cfb/schools/wichita-state/,1945,1986,42,430,167,254,12,.400,3,0,3,0,.000,-10.37,-6.40,0,5,record adjusted to 168-253-12 by NCAA
290,William & Mary,/cfb/schools/william-mary/,1922,1983,55,557,260,279,20,.483,3,1,2,0,.333,-4.63,-4.51,3,4,
291,Williams,/cfb/schools/williams/,1886,1906,21,211,107,90,14,.540,0,0,0,0,,1.15,0.03,0,0,
292,Wisconsin,/cfb/schools/wisconsin/,1892,2018,127,1235,699,489,52,.585,29,15,14,0,.500,8.18,4.76,25,14,record adjusted to 700-488-52 by NCAA
293,Wofford,/cfb/schools/wofford/,1914,1936,15,128,36,88,4,.297,0,0,0,0,,-13.04,-5.23,0,0,
294,WPI,/cfb/schools/wpi/,1888,1893,2,11,3,7,1,.318,0,0,0,0,,-12.11,-1.48,0,0,
295,Wyoming,/cfb/schools/wyoming/,1905,2018,107,1086,506,560,26,.475,15,7,8,0,.429,-4.63,-3.15,4,14,record adjusted to 507-559-26 by NCAA
296,Xavier,/cfb/schools/xavier/,1935,1973,16,160,70,86,4,.450,0,0,0,0,,-11.60,-8.18,0,0,
297,Yale,/cfb/schools/yale/,1872,1981,108,973,718,203,52,.765,0,0,0,0,,7.85,-1.11,4,11,
